,date,datatype,station,attributes,value
0,1980-11-01T00:00:00,PRCP,GHCND:USC00060128,",,,0",4.83
1,1980-11-01T00:00:00,PRCP,GHCND:USC00060299,",,,0",3.6
2,1980-11-01T00:00:00,PRCP,GHCND:USC00060918,",,,0",4.25
3,1980-11-01T00:00:00,SNOW,GHCND:USC00060918,",,,0",6.0
4,1980-11-01T00:00:00,EMNT,GHCND:USC00060961,",0,21,",14.0
5,1980-11-01T00:00:00,EMXT,GHCND:USC00060961,",0,14,",62.0
6,1980-11-01T00:00:00,PRCP,GHCND:USC00060961,",,,0",3.65
7,1980-11-01T00:00:00,TAVG,GHCND:USC00060961,",0",36.9
8,1980-11-01T00:00:00,TMAX,GHCND:USC00060961,",,,0",46.9
9,1980-11-01T00:00:00,TMIN,GHCND:USC00060961,",,,0",26.9
10,1980-11-01T00:00:00,EMNT,GHCND:USC00060973,",0,27,",12.0
11,1980-11-01T00:00:00,EMXT,GHCND:USC00060973,"1,0,08,",61.0
12,1980-11-01T00:00:00,PRCP,GHCND:USC00060973,",,,0",5.1
13,1980-11-01T00:00:00,SNOW,GHCND:USC00060973,",,,0",6.5
14,1980-11-01T00:00:00,TAVG,GHCND:USC00060973,"1,0",37.2
15,1980-11-01T00:00:00,TMAX,GHCND:USC00060973,"1,,,0",47.0
16,1980-11-01T00:00:00,TMIN,GHCND:USC00060973,",,,0",27.3
17,1980-11-01T00:00:00,PRCP,GHCND:USC00061488,",,,0",5.34
18,1980-11-01T00:00:00,EMNT,GHCND:USC00061689,",0,21,",12.0
19,1980-11-01T00:00:00,EMXT,GHCND:USC00061689,",0,16,+",60.0
20,1980-11-01T00:00:00,PRCP,GHCND:USC00061689,",,,0",5.11
21,1980-11-01T00:00:00,SNOW,GHCND:USC00061689,",,,0",7.5
22,1980-11-01T00:00:00,TAVG,GHCND:USC00061689,",0",36.8
23,1980-11-01T00:00:00,TMAX,GHCND:USC00061689,",,,0",47.9
24,1980-11-01T00:00:00,TMIN,GHCND:USC00061689,",,,0",25.7
25,1980-11-01T00:00:00,EMNT,GHCND:USC00061762,",0,21,+",19.0
26,1980-11-01T00:00:00,EMXT,GHCND:USC00061762,",0,14,",63.0
27,1980-11-01T00:00:00,PRCP,GHCND:USC00061762,",,,0",4.32
28,1980-11-01T00:00:00,SNOW,GHCND:USC00061762,",,,0",4.0
29,1980-11-01T00:00:00,TAVG,GHCND:USC00061762,",0",38.6
30,1980-11-01T00:00:00,TMAX,GHCND:USC00061762,",,,0",48.5
31,1980-11-01T00:00:00,TMIN,GHCND:USC00061762,",,,0",28.8
32,1980-11-01T00:00:00,PRCP,GHCND:USC00062169,",,,0",4.08
33,1980-11-01T00:00:00,EMNT,GHCND:USC00062658,",0,21,",12.0
34,1980-11-01T00:00:00,EMXT,GHCND:USC00062658,",0,07,",62.0
35,1980-11-01T00:00:00,PRCP,GHCND:USC00062658,",,,0",3.28
36,1980-11-01T00:00:00,SNOW,GHCND:USC00062658,",,,0",8.0
37,1980-11-01T00:00:00,TAVG,GHCND:USC00062658,",0",36.3
38,1980-11-01T00:00:00,TMAX,GHCND:USC00062658,",,,0",45.4
39,1980-11-01T00:00:00,TMIN,GHCND:USC00062658,",,,0",27.3
40,1980-11-01T00:00:00,EMNT,GHCND:USC00063207,",0,20,+",22.0
41,1980-11-01T00:00:00,EMXT,GHCND:USC00063207,",0,14,",66.0
42,1980-11-01T00:00:00,PRCP,GHCND:USC00063207,",,,0",3.34
43,1980-11-01T00:00:00,SNOW,GHCND:USC00063207,",,,0",1.0
44,1980-11-01T00:00:00,TAVG,GHCND:USC00063207,",0",41.5
45,1980-11-01T00:00:00,TMAX,GHCND:USC00063207,",,,0",50.9
46,1980-11-01T00:00:00,TMIN,GHCND:USC00063207,",,,0",32.2
47,1980-11-01T00:00:00,EMNT,GHCND:USC00064488,",0,20,",11.0
48,1980-11-01T00:00:00,EMXT,GHCND:USC00064488,",0,08,",63.0
49,1980-11-01T00:00:00,PRCP,GHCND:USC00064488,",,,0",5.22
50,1980-11-01T00:00:00,SNOW,GHCND:USC00064488,",,,0",5.0
51,1980-11-01T00:00:00,TAVG,GHCND:USC00064488,",0",37.8
52,1980-11-01T00:00:00,TMAX,GHCND:USC00064488,",,,0",49.0
53,1980-11-01T00:00:00,TMIN,GHCND:USC00064488,",,,0",26.6
54,1980-11-01T00:00:00,EMNT,GHCND:USC00064767,",0,20,+",24.0
55,1980-11-01T00:00:00,EMXT,GHCND:USC00064767,",0,15,+",62.0
56,1980-11-01T00:00:00,PRCP,GHCND:USC00064767,",,,0",3.88
57,1980-11-01T00:00:00,SNOW,GHCND:USC00064767,",,,0",3.5
58,1980-11-01T00:00:00,TAVG,GHCND:USC00064767,",0",41.8
59,1980-11-01T00:00:00,TMAX,GHCND:USC00064767,",,,0",49.5
60,1980-11-01T00:00:00,TMIN,GHCND:USC00064767,",,,0",34.1
61,1980-11-01T00:00:00,EMNT,GHCND:USC00065077,",0,03,",22.0
62,1980-11-01T00:00:00,EMXT,GHCND:USC00065077,",0,14,",64.0
63,1980-11-01T00:00:00,PRCP,GHCND:USC00065077,",,,0",5.2
64,1980-11-01T00:00:00,SNOW,GHCND:USC00065077,",,,0",3.0
65,1980-11-01T00:00:00,TAVG,GHCND:USC00065077,",0",40.9
66,1980-11-01T00:00:00,TMAX,GHCND:USC00065077,",,,0",49.7
67,1980-11-01T00:00:00,TMIN,GHCND:USC00065077,",,,0",32.1
68,1980-11-01T00:00:00,EMNT,GHCND:USC00065266,",0,17,",27.0
69,1980-11-01T00:00:00,EMXT,GHCND:USC00065266,",0,14,",67.0
70,1980-11-01T00:00:00,PRCP,GHCND:USC00065266,",,,0",4.98
71,1980-11-01T00:00:00,TAVG,GHCND:USC00065266,",0",44.8
72,1980-11-01T00:00:00,TMAX,GHCND:USC00065266,",,,0",51.9
73,1980-11-01T00:00:00,TMIN,GHCND:USC00065266,",,,0",37.6
74,1980-11-01T00:00:00,EMNT,GHCND:USC00065445,",0,17,",15.0
75,1980-11-01T00:00:00,EMXT,GHCND:USC00065445,",0,08,",55.0
76,1980-11-01T00:00:00,PRCP,GHCND:USC00065445,",,,0",4.26
77,1980-11-01T00:00:00,SNOW,GHCND:USC00065445,",,,0",12.3
78,1980-11-01T00:00:00,TAVG,GHCND:USC00065445,",0",33.0
79,1980-11-01T00:00:00,TMAX,GHCND:USC00065445,",,,0",40.5
80,1980-11-01T00:00:00,TMIN,GHCND:USC00065445,",,,0",25.5
81,1980-11-01T00:00:00,EMNT,GHCND:USC00065893,",0,19,+",20.0
82,1980-11-01T00:00:00,EMXT,GHCND:USC00065893,",0,15,",65.0
83,1980-11-01T00:00:00,PRCP,GHCND:USC00065893,",,,0",4.86
84,1980-11-01T00:00:00,TAVG,GHCND:USC00065893,",0",40.3
85,1980-11-01T00:00:00,TMAX,GHCND:USC00065893,",,,0",50.2
86,1980-11-01T00:00:00,TMIN,GHCND:USC00065893,",,,0",30.4
87,1980-11-01T00:00:00,EMNT,GHCND:USC00065910,",0,03,",21.0
88,1980-11-01T00:00:00,EMXT,GHCND:USC00065910,",0,07,",68.0
89,1980-11-01T00:00:00,PRCP,GHCND:USC00065910,",,,0",4.16
90,1980-11-01T00:00:00,SNOW,GHCND:USC00065910,"1,,,0",4.0
91,1980-11-01T00:00:00,TAVG,GHCND:USC00065910,",0",41.3
92,1980-11-01T00:00:00,TMAX,GHCND:USC00065910,",,,0",51.6
93,1980-11-01T00:00:00,TMIN,GHCND:USC00065910,",,,0",30.9
94,1980-11-01T00:00:00,EMNT,GHCND:USC00066655,",0,23,+",22.0
95,1980-11-01T00:00:00,EMXT,GHCND:USC00066655,",0,15,",65.0
96,1980-11-01T00:00:00,PRCP,GHCND:USC00066655,",,,0",4.78
97,1980-11-01T00:00:00,TAVG,GHCND:USC00066655,",0",38.9
98,1980-11-01T00:00:00,TMAX,GHCND:USC00066655,",,,0",47.4
99,1980-11-01T00:00:00,TMIN,GHCND:USC00066655,",,,0",30.4
100,1980-11-01T00:00:00,PRCP,GHCND:USC00066966,",,,0",3.61
101,1980-11-01T00:00:00,PRCP,GHCND:USC00067002,",a,,0",4.2
102,1980-11-01T00:00:00,PRCP,GHCND:USC00067157,",,,0",5.46
103,1980-11-01T00:00:00,EMNT,GHCND:USC00067373,",0,21,",17.0
104,1980-11-01T00:00:00,EMXT,GHCND:USC00067373,"1,0,08,",60.0
105,1980-11-01T00:00:00,PRCP,GHCND:USC00067373,",,,0",3.25
106,1980-11-01T00:00:00,SNOW,GHCND:USC00067373,",,,0",6.0
107,1980-11-01T00:00:00,TAVG,GHCND:USC00067373,"1,0",37.8
108,1980-11-01T00:00:00,TMAX,GHCND:USC00067373,"1,,,0",46.1
109,1980-11-01T00:00:00,TMIN,GHCND:USC00067373,",,,0",29.4
110,1980-11-01T00:00:00,PRCP,GHCND:USC00067432,",a,,0",4.76
111,1980-11-01T00:00:00,SNOW,GHCND:USC00067432,",,,0",5.5
112,1980-11-01T00:00:00,PRCP,GHCND:USC00067959,",,,0",4.56
113,1980-11-01T00:00:00,SNOW,GHCND:USC00067959,",,,0",5.0
114,1980-11-01T00:00:00,EMNT,GHCND:USC00067970,",0,21,",21.0
115,1980-11-01T00:00:00,EMXT,GHCND:USC00067970,",0,14,",66.0
116,1980-11-01T00:00:00,PRCP,GHCND:USC00067970,",,,0",4.68
117,1980-11-01T00:00:00,SNOW,GHCND:USC00067970,",,,0",2.0
118,1980-11-01T00:00:00,TAVG,GHCND:USC00067970,",0",41.1
119,1980-11-01T00:00:00,TMAX,GHCND:USC00067970,",,,0",51.7
120,1980-11-01T00:00:00,TMIN,GHCND:USC00067970,",,,0",30.6
121,1980-11-01T00:00:00,EMNT,GHCND:USC00068065,"5,0,17,",20.0
122,1980-11-01T00:00:00,EMXT,GHCND:USC00068065,",0,15,",76.0
123,1980-11-01T00:00:00,PRCP,GHCND:USC00068065,",,,0",5.52
124,1980-11-01T00:00:00,TAVG,GHCND:USC00068065,"5,0",38.3
125,1980-11-01T00:00:00,TMAX,GHCND:USC00068065,",,,0",48.9
126,1980-11-01T00:00:00,TMIN,GHCND:USC00068065,"5,,,0",27.7
127,1980-11-01T00:00:00,EMNT,GHCND:USC00068138,",0,17,",20.0
128,1980-11-01T00:00:00,EMXT,GHCND:USC00068138,",0,15,+",60.0
129,1980-11-01T00:00:00,PRCP,GHCND:USC00068138,",,,0",4.86
130,1980-11-01T00:00:00,SNOW,GHCND:USC00068138,",,,0",5.5
131,1980-11-01T00:00:00,TAVG,GHCND:USC00068138,",0",38.2
132,1980-11-01T00:00:00,TMAX,GHCND:USC00068138,",,,0",46.6
133,1980-11-01T00:00:00,TMIN,GHCND:USC00068138,",,,0",29.8
134,1980-11-01T00:00:00,PRCP,GHCND:USC00068436,",a,,0",3.44
135,1980-11-01T00:00:00,PRCP,GHCND:USC00069162,",,,0",6.46
136,1980-11-01T00:00:00,EMNT,GHCND:USC00069388,",0,20,",11.0
137,1980-11-01T00:00:00,EMXT,GHCND:USC00069388,",0,08,",63.0
138,1980-11-01T00:00:00,PRCP,GHCND:USC00069388,",,,0",4.0
139,1980-11-01T00:00:00,SNOW,GHCND:USC00069388,",,,0",6.0
140,1980-11-01T00:00:00,TAVG,GHCND:USC00069388,",0",36.3
141,1980-11-01T00:00:00,TMAX,GHCND:USC00069388,",,,0",47.7
142,1980-11-01T00:00:00,TMIN,GHCND:USC00069388,",,,0",24.8
143,1980-11-01T00:00:00,EMNT,GHCND:USC00069568,"2,0,21,",12.0
144,1980-11-01T00:00:00,EMXT,GHCND:USC00069568,"1,0,14,+",60.0
145,1980-11-01T00:00:00,PRCP,GHCND:USC00069568,",,,0",3.33
146,1980-11-01T00:00:00,SNOW,GHCND:USC00069568,",,,0",5.0
147,1980-11-01T00:00:00,TAVG,GHCND:USC00069568,"3,0",37.3
148,1980-11-01T00:00:00,TMAX,GHCND:USC00069568,"1,,,0",47.3
149,1980-11-01T00:00:00,TMIN,GHCND:USC00069568,"2,,,0",27.3
150,1980-11-01T00:00:00,PRCP,GHCND:USC00069775,",,,0",4.14
151,1980-11-01T00:00:00,SNOW,GHCND:USC00069775,",,,0",6.0
152,1980-11-01T00:00:00,EMNT,GHCND:USW00014740,",X,17,",18.0
153,1980-11-01T00:00:00,EMXT,GHCND:USW00014740,",X,07,",65.0
154,1980-11-01T00:00:00,PRCP,GHCND:USW00014740,",,,X",4.23
155,1980-11-01T00:00:00,SNOW,GHCND:USW00014740,",,,X",8.6
156,1980-11-01T00:00:00,TAVG,GHCND:USW00014740,",X",37.9
157,1980-11-01T00:00:00,TMAX,GHCND:USW00014740,",,,X",46.9
158,1980-11-01T00:00:00,TMIN,GHCND:USW00014740,",,,X",28.8
159,1980-11-01T00:00:00,EMNT,GHCND:USW00014752,",0,03,",15.0
160,1980-11-01T00:00:00,EMXT,GHCND:USW00014752,",0,08,",59.0
161,1980-11-01T00:00:00,PRCP,GHCND:USW00014752,"1,,,0",3.47
162,1980-11-01T00:00:00,SNOW,GHCND:USW00014752,"1,,,0",0.0
163,1980-11-01T00:00:00,TAVG,GHCND:USW00014752,",0",36.8
164,1980-11-01T00:00:00,TMAX,GHCND:USW00014752,",,,0",46.1
165,1980-11-01T00:00:00,TMIN,GHCND:USW00014752,",,,0",27.5
166,1980-11-01T00:00:00,EMNT,GHCND:USW00094702,",0,23,+",25.0
167,1980-11-01T00:00:00,EMXT,GHCND:USW00094702,",0,14,",67.0
168,1980-11-01T00:00:00,PRCP,GHCND:USW00094702,",,,0",3.95
169,1980-11-01T00:00:00,SNOW,GHCND:USW00094702,",,,0",1.0
170,1980-11-01T00:00:00,TAVG,GHCND:USW00094702,",0",43.2
171,1980-11-01T00:00:00,TMAX,GHCND:USW00094702,",,,0",50.6
172,1980-11-01T00:00:00,TMIN,GHCND:USW00094702,",,,0",35.8
173,1980-12-01T00:00:00,PRCP,GHCND:USC00060128,",,,0",0.86
174,1980-12-01T00:00:00,PRCP,GHCND:USC00060299,",,,0",0.9
175,1980-12-01T00:00:00,PRCP,GHCND:USC00060918,",,,0",0.9
176,1980-12-01T00:00:00,SNOW,GHCND:USC00060918,",,,0",7.0
177,1980-12-01T00:00:00,EMNT,GHCND:USC00060961,",0,26,",-15.0
178,1980-12-01T00:00:00,EMXT,GHCND:USC00060961,",0,09,",63.0
179,1980-12-01T00:00:00,PRCP,GHCND:USC00060961,",,,0",0.67
180,1980-12-01T00:00:00,TAVG,GHCND:USC00060961,",0",25.1
181,1980-12-01T00:00:00,TMAX,GHCND:USC00060961,",,,0",37.4
182,1980-12-01T00:00:00,TMIN,GHCND:USC00060961,",,,0",12.8
183,1980-12-01T00:00:00,EMNT,GHCND:USC00060973,"3,0,26,",-13.0
184,1980-12-01T00:00:00,EMXT,GHCND:USC00060973,"2,0,09,",60.0
185,1980-12-01T00:00:00,PRCP,GHCND:USC00060973,",,,0",0.83
186,1980-12-01T00:00:00,TAVG,GHCND:USC00060973,"4,0",24.7
187,1980-12-01T00:00:00,TMAX,GHCND:USC00060973,"2,,,0",35.3
188,1980-12-01T00:00:00,TMIN,GHCND:USC00060973,"3,,,0",14.1
189,1980-12-01T00:00:00,EMXT,GHCND:USC00061488,"1,0,03,",60.0
190,1980-12-01T00:00:00,PRCP,GHCND:USC00061488,",a,,0",0.6
191,1980-12-01T00:00:00,SNOW,GHCND:USC00061488,",a,,0",3.0
192,1980-12-01T00:00:00,TMAX,GHCND:USC00061488,"1,,,0",36.1
193,1980-12-01T00:00:00,EMNT,GHCND:USC00061689,",0,26,",-19.0
194,1980-12-01T00:00:00,EMXT,GHCND:USC00061689,",0,09,",60.0
195,1980-12-01T00:00:00,PRCP,GHCND:USC00061689,",,,0",1.12
196,1980-12-01T00:00:00,SNOW,GHCND:USC00061689,",,,0",5.5
197,1980-12-01T00:00:00,TAVG,GHCND:USC00061689,",0",22.5
198,1980-12-01T00:00:00,TMAX,GHCND:USC00061689,",,,0",35.0
199,1980-12-01T00:00:00,TMIN,GHCND:USC00061689,",,,0",9.9
200,1980-12-01T00:00:00,EMNT,GHCND:USC00061762,",0,26,",-11.0
201,1980-12-01T00:00:00,EMXT,GHCND:USC00061762,",0,08,",61.0
202,1980-12-01T00:00:00,PRCP,GHCND:USC00061762,"2,,,0",0.36
203,1980-12-01T00:00:00,SNOW,GHCND:USC00061762,",,,0",4.5
204,1980-12-01T00:00:00,TAVG,GHCND:USC00061762,",0",27.1
205,1980-12-01T00:00:00,TMAX,GHCND:USC00061762,",,,0",38.1
206,1980-12-01T00:00:00,TMIN,GHCND:USC00061762,",,,0",16.1
207,1980-12-01T00:00:00,PRCP,GHCND:USC00062169,",,,0",0.91
208,1980-12-01T00:00:00,EMNT,GHCND:USC00062658,",0,26,",-16.0
209,1980-12-01T00:00:00,EMXT,GHCND:USC00062658,",0,02,",58.0
210,1980-12-01T00:00:00,PRCP,GHCND:USC00062658,",,,0",0.85
211,1980-12-01T00:00:00,TAVG,GHCND:USC00062658,",0",24.2
212,1980-12-01T00:00:00,TMAX,GHCND:USC00062658,",,,0",36.0
213,1980-12-01T00:00:00,TMIN,GHCND:USC00062658,",,,0",12.4
214,1980-12-01T00:00:00,EMNT,GHCND:USC00063207,",0,26,",-10.0
215,1980-12-01T00:00:00,EMXT,GHCND:USC00063207,",0,09,",58.0
216,1980-12-01T00:00:00,PRCP,GHCND:USC00063207,",,,0",1.58
217,1980-12-01T00:00:00,SNOW,GHCND:USC00063207,",,,0",1.3
218,1980-12-01T00:00:00,TAVG,GHCND:USC00063207,",0",30.0
219,1980-12-01T00:00:00,TMAX,GHCND:USC00063207,",,,0",41.7
220,1980-12-01T00:00:00,TMIN,GHCND:USC00063207,",,,0",18.2
221,1980-12-01T00:00:00,EMNT,GHCND:USC00064488,",0,26,",-18.0
222,1980-12-01T00:00:00,EMXT,GHCND:USC00064488,",0,09,",61.0
223,1980-12-01T00:00:00,PRCP,GHCND:USC00064488,",,,0",1.14
224,1980-12-01T00:00:00,SNOW,GHCND:USC00064488,",,,0",5.0
225,1980-12-01T00:00:00,TAVG,GHCND:USC00064488,",0",24.4
226,1980-12-01T00:00:00,TMAX,GHCND:USC00064488,",,,0",37.0
227,1980-12-01T00:00:00,TMIN,GHCND:USC00064488,",,,0",11.8
228,1980-12-01T00:00:00,EMNT,GHCND:USC00064767,",0,26,+",-8.0
229,1980-12-01T00:00:00,EMXT,GHCND:USC00064767,",0,09,",59.0
230,1980-12-01T00:00:00,PRCP,GHCND:USC00064767,",,,0",1.02
231,1980-12-01T00:00:00,SNOW,GHCND:USC00064767,",,,0",5.5
232,1980-12-01T00:00:00,TAVG,GHCND:USC00064767,",0",29.0
233,1980-12-01T00:00:00,TMAX,GHCND:USC00064767,",,,0",37.8
234,1980-12-01T00:00:00,TMIN,GHCND:USC00064767,",,,0",20.2
235,1980-12-01T00:00:00,EMNT,GHCND:USC00065077,",0,26,",-13.0
236,1980-12-01T00:00:00,EMXT,GHCND:USC00065077,",0,09,",61.0
237,1980-12-01T00:00:00,PRCP,GHCND:USC00065077,",,,0",0.78
238,1980-12-01T00:00:00,SNOW,GHCND:USC00065077,",,,0",5.6
239,1980-12-01T00:00:00,TAVG,GHCND:USC00065077,",0",28.1
240,1980-12-01T00:00:00,TMAX,GHCND:USC00065077,",,,0",38.2
241,1980-12-01T00:00:00,TMIN,GHCND:USC00065077,",,,0",18.0
242,1980-12-01T00:00:00,EMNT,GHCND:USC00065266,",0,25,",-5.0
243,1980-12-01T00:00:00,EMXT,GHCND:USC00065266,",0,09,",61.0
244,1980-12-01T00:00:00,PRCP,GHCND:USC00065266,",,,0",1.04
245,1980-12-01T00:00:00,TAVG,GHCND:USC00065266,",0",32.0
246,1980-12-01T00:00:00,TMAX,GHCND:USC00065266,",,,0",39.9
247,1980-12-01T00:00:00,TMIN,GHCND:USC00065266,",,,0",24.0
248,1980-12-01T00:00:00,EMNT,GHCND:USC00065445,",0,26,",-20.0
249,1980-12-01T00:00:00,EMXT,GHCND:USC00065445,",0,09,",55.0
250,1980-12-01T00:00:00,PRCP,GHCND:USC00065445,",,,0",1.28
251,1980-12-01T00:00:00,SNOW,GHCND:USC00065445,",,,0",11.7
252,1980-12-01T00:00:00,TAVG,GHCND:USC00065445,",0",19.4
253,1980-12-01T00:00:00,TMAX,GHCND:USC00065445,",,,0",29.2
254,1980-12-01T00:00:00,TMIN,GHCND:USC00065445,",,,0",9.5
255,1980-12-01T00:00:00,EMNT,GHCND:USC00065893,"1,0,26,",-9.0
256,1980-12-01T00:00:00,EMXT,GHCND:USC00065893,"1,0,09,",62.0
257,1980-12-01T00:00:00,PRCP,GHCND:USC00065893,",,,0",0.87
258,1980-12-01T00:00:00,TAVG,GHCND:USC00065893,"1,0",28.2
259,1980-12-01T00:00:00,TMAX,GHCND:USC00065893,"1,,,0",37.8
260,1980-12-01T00:00:00,TMIN,GHCND:USC00065893,"1,,,0",18.6
261,1980-12-01T00:00:00,EMNT,GHCND:USC00065910,",0,26,",-13.0
262,1980-12-01T00:00:00,EMXT,GHCND:USC00065910,"1,0,09,+",58.0
263,1980-12-01T00:00:00,PRCP,GHCND:USC00065910,",,,0",1.14
264,1980-12-01T00:00:00,TAVG,GHCND:USC00065910,"1,0",29.3
265,1980-12-01T00:00:00,TMAX,GHCND:USC00065910,"1,,,0",40.6
266,1980-12-01T00:00:00,TMIN,GHCND:USC00065910,",,,0",18.0
267,1980-12-01T00:00:00,EMNT,GHCND:USC00066655,"3,0,26,",-9.0
268,1980-12-01T00:00:00,EMXT,GHCND:USC00066655,",0,09,",61.0
269,1980-12-01T00:00:00,PRCP,GHCND:USC00066655,",,,0",0.62
270,1980-12-01T00:00:00,TAVG,GHCND:USC00066655,"3,0",25.6
271,1980-12-01T00:00:00,TMAX,GHCND:USC00066655,",,,0",35.3
272,1980-12-01T00:00:00,TMIN,GHCND:USC00066655,"3,,,0",16.0
273,1980-12-01T00:00:00,PRCP,GHCND:USC00066966,",,,0",0.61
274,1980-12-01T00:00:00,PRCP,GHCND:USC00067002,",,,0",0.47
275,1980-12-01T00:00:00,PRCP,GHCND:USC00067157,",,,0",0.76
276,1980-12-01T00:00:00,EMNT,GHCND:USC00067373,"1,0,26,",-17.0
277,1980-12-01T00:00:00,EMXT,GHCND:USC00067373,",0,09,",60.0
278,1980-12-01T00:00:00,PRCP,GHCND:USC00067373,",,,0",0.75
279,1980-12-01T00:00:00,SNOW,GHCND:USC00067373,",,,0",4.0
280,1980-12-01T00:00:00,TAVG,GHCND:USC00067373,"1,0",24.3
281,1980-12-01T00:00:00,TMAX,GHCND:USC00067373,",,,0",35.4
282,1980-12-01T00:00:00,TMIN,GHCND:USC00067373,"1,,,0",13.1
283,1980-12-01T00:00:00,PRCP,GHCND:USC00067432,",,,0",0.82
284,1980-12-01T00:00:00,SNOW,GHCND:USC00067432,",,,0",4.5
285,1980-12-01T00:00:00,PRCP,GHCND:USC00067959,",,,0",0.97
286,1980-12-01T00:00:00,EMNT,GHCND:USC00067970,",0,26,",-13.0
287,1980-12-01T00:00:00,EMXT,GHCND:USC00067970,",0,08,",62.0
288,1980-12-01T00:00:00,PRCP,GHCND:USC00067970,",,,0",0.58
289,1980-12-01T00:00:00,SNOW,GHCND:USC00067970,",,,0",4.8
290,1980-12-01T00:00:00,TAVG,GHCND:USC00067970,",0",29.1
291,1980-12-01T00:00:00,TMAX,GHCND:USC00067970,",,,0",40.3
292,1980-12-01T00:00:00,TMIN,GHCND:USC00067970,",,,0",18.0
293,1980-12-01T00:00:00,PRCP,GHCND:USC00068065,",,,0",0.89
294,1980-12-01T00:00:00,EMNT,GHCND:USC00068138,",0,26,+",-11.0
295,1980-12-01T00:00:00,EMXT,GHCND:USC00068138,"1,0,09,",60.0
296,1980-12-01T00:00:00,PRCP,GHCND:USC00068138,",,,0",1.11
297,1980-12-01T00:00:00,SNOW,GHCND:USC00068138,"2,,,0",5.0
298,1980-12-01T00:00:00,TAVG,GHCND:USC00068138,"1,0",24.9
299,1980-12-01T00:00:00,TMAX,GHCND:USC00068138,"1,,,0",34.7
300,1980-12-01T00:00:00,TMIN,GHCND:USC00068138,",,,0",15.0
301,1980-12-01T00:00:00,PRCP,GHCND:USC00068436,",a,,0",0.85
302,1980-12-01T00:00:00,PRCP,GHCND:USC00069162,",,,0",0.89
303,1980-12-01T00:00:00,EMNT,GHCND:USC00069388,",0,26,",-20.0
304,1980-12-01T00:00:00,EMXT,GHCND:USC00069388,",0,09,+",59.0
305,1980-12-01T00:00:00,PRCP,GHCND:USC00069388,",,,0",1.02
306,1980-12-01T00:00:00,SNOW,GHCND:USC00069388,",,,0",5.0
307,1980-12-01T00:00:00,TAVG,GHCND:USC00069388,",0",22.1
308,1980-12-01T00:00:00,TMAX,GHCND:USC00069388,",,,0",34.3
309,1980-12-01T00:00:00,TMIN,GHCND:USC00069388,",,,0",9.8
310,1980-12-01T00:00:00,EMNT,GHCND:USC00069568,",0,25,",-14.0
311,1980-12-01T00:00:00,EMXT,GHCND:USC00069568,",0,09,",59.0
312,1980-12-01T00:00:00,PRCP,GHCND:USC00069568,",,,0",0.81
313,1980-12-01T00:00:00,SNOW,GHCND:USC00069568,",,,0",4.2
314,1980-12-01T00:00:00,TAVG,GHCND:USC00069568,",0",25.1
315,1980-12-01T00:00:00,TMAX,GHCND:USC00069568,",,,0",36.7
316,1980-12-01T00:00:00,TMIN,GHCND:USC00069568,",,,0",13.5
317,1980-12-01T00:00:00,PRCP,GHCND:USC00069775,",,,0",0.81
318,1980-12-01T00:00:00,SNOW,GHCND:USC00069775,",,,0",5.2
319,1980-12-01T00:00:00,EMNT,GHCND:USW00014740,",X,26,",-14.0
320,1980-12-01T00:00:00,EMXT,GHCND:USW00014740,",X,08,",61.0
321,1980-12-01T00:00:00,PRCP,GHCND:USW00014740,",,,X",0.83
322,1980-12-01T00:00:00,SNOW,GHCND:USW00014740,",,,X",3.9
323,1980-12-01T00:00:00,TAVG,GHCND:USW00014740,",X",24.5
324,1980-12-01T00:00:00,TMAX,GHCND:USW00014740,",,,X",35.6
325,1980-12-01T00:00:00,TMIN,GHCND:USW00014740,",,,X",13.5
326,1980-12-01T00:00:00,EMNT,GHCND:USW00014752,"1,0,25,",-10.0
327,1980-12-01T00:00:00,EMXT,GHCND:USW00014752,"1,0,09,",62.0
328,1980-12-01T00:00:00,PRCP,GHCND:USW00014752,",,,0",0.58
329,1980-12-01T00:00:00,SNOW,GHCND:USW00014752,",,,0",5.7
330,1980-12-01T00:00:00,TAVG,GHCND:USW00014752,"1,0",26.5
331,1980-12-01T00:00:00,TMAX,GHCND:USW00014752,"1,,,0",35.7
332,1980-12-01T00:00:00,TMIN,GHCND:USW00014752,"1,,,0",17.2
333,1980-12-01T00:00:00,EMNT,GHCND:USW00094702,",0,26,+",-4.0
334,1980-12-01T00:00:00,EMXT,GHCND:USW00094702,",0,09,",60.0
335,1980-12-01T00:00:00,PRCP,GHCND:USW00094702,",,,0",0.96
336,1980-12-01T00:00:00,SNOW,GHCND:USW00094702,",,,0",3.6
337,1980-12-01T00:00:00,TAVG,GHCND:USW00094702,",0",31.3
338,1980-12-01T00:00:00,TMAX,GHCND:USW00094702,",,,0",40.1
339,1980-12-01T00:00:00,TMIN,GHCND:USW00094702,",,,0",22.4
340,1981-01-01T00:00:00,PRCP,GHCND:USC00060128,",,,0",0.72
341,1981-01-01T00:00:00,PRCP,GHCND:USC00060299,",,,0",0.65
342,1981-01-01T00:00:00,PRCP,GHCND:USC00060918,"1,,,0",0.53
343,1981-01-01T00:00:00,SNOW,GHCND:USC00060918,",,,0",10.0
344,1981-01-01T00:00:00,EMNT,GHCND:USC00060961,"1,0,12,",-24.0
345,1981-01-01T00:00:00,EMXT,GHCND:USC00060961,",0,26,",48.0
346,1981-01-01T00:00:00,PRCP,GHCND:USC00060961,",,,0",0.63
347,1981-01-01T00:00:00,TAVG,GHCND:USC00060961,"1,0",16.3
348,1981-01-01T00:00:00,TMAX,GHCND:USC00060961,",,,0",29.2
349,1981-01-01T00:00:00,TMIN,GHCND:USC00060961,"1,,,0",3.5
350,1981-01-01T00:00:00,EMNT,GHCND:USC00060973,",0,12,",-11.0
351,1981-01-01T00:00:00,EMXT,GHCND:USC00060973,",0,28,",47.0
352,1981-01-01T00:00:00,PRCP,GHCND:USC00060973,",,,0",0.56
353,1981-01-01T00:00:00,SNOW,GHCND:USC00060973,"4,,,0",5.5
354,1981-01-01T00:00:00,TAVG,GHCND:USC00060973,",0",17.5
355,1981-01-01T00:00:00,TMAX,GHCND:USC00060973,",,,0",27.4
356,1981-01-01T00:00:00,TMIN,GHCND:USC00060973,",,,0",7.7
357,1981-01-01T00:00:00,PRCP,GHCND:USC00061488,",,,0",0.62
358,1981-01-01T00:00:00,SNOW,GHCND:USC00061488,",,,0",10.5
359,1981-01-01T00:00:00,EMNT,GHCND:USC00061689,",0,12,",-22.0
360,1981-01-01T00:00:00,EMXT,GHCND:USC00061689,",0,28,",47.0
361,1981-01-01T00:00:00,PRCP,GHCND:USC00061689,",,,0",0.55
362,1981-01-01T00:00:00,SNOW,GHCND:USC00061689,",,,0",8.0
363,1981-01-01T00:00:00,TAVG,GHCND:USC00061689,",0",15.2
364,1981-01-01T00:00:00,TMAX,GHCND:USC00061689,",,,0",27.9
365,1981-01-01T00:00:00,TMIN,GHCND:USC00061689,",,,0",2.4
366,1981-01-01T00:00:00,EMNT,GHCND:USC00061762,",0,12,",-13.0
367,1981-01-01T00:00:00,EMXT,GHCND:USC00061762,",0,27,",47.0
368,1981-01-01T00:00:00,PRCP,GHCND:USC00061762,",,,0",0.51
369,1981-01-01T00:00:00,SNOW,GHCND:USC00061762,",,,0",9.0
370,1981-01-01T00:00:00,TAVG,GHCND:USC00061762,",0",19.6
371,1981-01-01T00:00:00,TMAX,GHCND:USC00061762,",,,0",29.4
372,1981-01-01T00:00:00,TMIN,GHCND:USC00061762,",,,0",9.7
373,1981-01-01T00:00:00,PRCP,GHCND:USC00062169,",,,0",0.83
374,1981-01-01T00:00:00,EMNT,GHCND:USC00062658,"1,0,12,",-25.0
375,1981-01-01T00:00:00,EMXT,GHCND:USC00062658,"1,0,27,",45.0
376,1981-01-01T00:00:00,PRCP,GHCND:USC00062658,",,,0",0.91
377,1981-01-01T00:00:00,TAVG,GHCND:USC00062658,"2,0",15.8
378,1981-01-01T00:00:00,TMAX,GHCND:USC00062658,"1,,,0",28.0
379,1981-01-01T00:00:00,TMIN,GHCND:USC00062658,"1,,,0",3.6
380,1981-01-01T00:00:00,EMNT,GHCND:USC00063207,",0,12,",-11.0
381,1981-01-01T00:00:00,EMXT,GHCND:USC00063207,",0,27,",50.0
382,1981-01-01T00:00:00,PRCP,GHCND:USC00063207,",,,0",1.0
383,1981-01-01T00:00:00,SNOW,GHCND:USC00063207,",,,0",10.4
384,1981-01-01T00:00:00,TAVG,GHCND:USC00063207,",0",20.1
385,1981-01-01T00:00:00,TMAX,GHCND:USC00063207,",,,0",31.1
386,1981-01-01T00:00:00,TMIN,GHCND:USC00063207,",,,0",9.2
387,1981-01-01T00:00:00,EMNT,GHCND:USC00064488,",0,12,",-20.0
388,1981-01-01T00:00:00,EMXT,GHCND:USC00064488,",0,28,",48.0
389,1981-01-01T00:00:00,PRCP,GHCND:USC00064488,",,,0",0.62
390,1981-01-01T00:00:00,SNOW,GHCND:USC00064488,",,,0",8.5
391,1981-01-01T00:00:00,TAVG,GHCND:USC00064488,",0",16.2
392,1981-01-01T00:00:00,TMAX,GHCND:USC00064488,",,,0",29.0
393,1981-01-01T00:00:00,TMIN,GHCND:USC00064488,",,,0",3.5
394,1981-01-01T00:00:00,EMNT,GHCND:USC00064767,"1,0,12,",-7.0
395,1981-01-01T00:00:00,EMXT,GHCND:USC00064767,"1,0,28,",48.0
396,1981-01-01T00:00:00,PRCP,GHCND:USC00064767,",,,0",1.02
397,1981-01-01T00:00:00,SNOW,GHCND:USC00064767,",,,0",11.5
398,1981-01-01T00:00:00,TAVG,GHCND:USC00064767,"1,0",22.5
399,1981-01-01T00:00:00,TMAX,GHCND:USC00064767,"1,,,0",31.1
400,1981-01-01T00:00:00,TMIN,GHCND:USC00064767,"1,,,0",13.9
401,1981-01-01T00:00:00,EMNT,GHCND:USC00065077,",0,12,",-15.0
402,1981-01-01T00:00:00,EMXT,GHCND:USC00065077,",0,27,",47.0
403,1981-01-01T00:00:00,PRCP,GHCND:USC00065077,",,,0",0.67
404,1981-01-01T00:00:00,SNOW,GHCND:USC00065077,",,,0",8.5
405,1981-01-01T00:00:00,TAVG,GHCND:USC00065077,",0",20.3
406,1981-01-01T00:00:00,TMAX,GHCND:USC00065077,",,,0",30.2
407,1981-01-01T00:00:00,TMIN,GHCND:USC00065077,",,,0",10.4
408,1981-01-01T00:00:00,EMNT,GHCND:USC00065266,",0,12,+",-1.0
409,1981-01-01T00:00:00,EMXT,GHCND:USC00065266,",0,27,",50.0
410,1981-01-01T00:00:00,PRCP,GHCND:USC00065266,",,,0",0.63
411,1981-01-01T00:00:00,TAVG,GHCND:USC00065266,",0",24.4
412,1981-01-01T00:00:00,TMAX,GHCND:USC00065266,",,,0",31.8
413,1981-01-01T00:00:00,TMIN,GHCND:USC00065266,",,,0",16.9
414,1981-01-01T00:00:00,EMNT,GHCND:USC00065445,",0,13,",-15.0
415,1981-01-01T00:00:00,EMXT,GHCND:USC00065445,",0,28,+",41.0
416,1981-01-01T00:00:00,PRCP,GHCND:USC00065445,",,,0",1.1
417,1981-01-01T00:00:00,SNOW,GHCND:USC00065445,",,,0",17.8
418,1981-01-01T00:00:00,TAVG,GHCND:USC00065445,",0",12.3
419,1981-01-01T00:00:00,TMAX,GHCND:USC00065445,",,,0",21.3
420,1981-01-01T00:00:00,TMIN,GHCND:USC00065445,",,,0",3.3
421,1981-01-01T00:00:00,EMNT,GHCND:USC00065893,",0,13,",-6.0
422,1981-01-01T00:00:00,EMXT,GHCND:USC00065893,",0,28,",47.0
423,1981-01-01T00:00:00,PRCP,GHCND:USC00065893,"1,T,,0",0.0
424,1981-01-01T00:00:00,TAVG,GHCND:USC00065893,",0",20.2
425,1981-01-01T00:00:00,TMAX,GHCND:USC00065893,",,,0",29.3
426,1981-01-01T00:00:00,TMIN,GHCND:USC00065893,",,,0",11.1
427,1981-01-01T00:00:00,EMNT,GHCND:USC00065910,"1,0,12,",-10.0
428,1981-01-01T00:00:00,EMXT,GHCND:USC00065910,"4,0,27,",51.0
429,1981-01-01T00:00:00,PRCP,GHCND:USC00065910,",,,0",0.61
430,1981-01-01T00:00:00,TAVG,GHCND:USC00065910,"5,0",20.3
431,1981-01-01T00:00:00,TMAX,GHCND:USC00065910,"4,,,0",30.2
432,1981-01-01T00:00:00,TMIN,GHCND:USC00065910,"1,,,0",10.4
433,1981-01-01T00:00:00,EMNT,GHCND:USC00066655,"4,0,12,",-8.0
434,1981-01-01T00:00:00,EMXT,GHCND:USC00066655,",0,28,+",44.0
435,1981-01-01T00:00:00,PRCP,GHCND:USC00066655,",,,0",0.69
436,1981-01-01T00:00:00,TAVG,GHCND:USC00066655,"4,0",18.7
437,1981-01-01T00:00:00,TMAX,GHCND:USC00066655,",,,0",27.6
438,1981-01-01T00:00:00,TMIN,GHCND:USC00066655,"4,,,0",9.7
439,1981-01-01T00:00:00,PRCP,GHCND:USC00066966,",,,0",0.5
440,1981-01-01T00:00:00,PRCP,GHCND:USC00067002,",,,0",0.85
441,1981-01-01T00:00:00,PRCP,GHCND:USC00067157,",,,0",0.71
442,1981-01-01T00:00:00,EMNT,GHCND:USC00067373,",0,12,",-22.0
443,1981-01-01T00:00:00,EMXT,GHCND:USC00067373,",0,28,",45.0
444,1981-01-01T00:00:00,PRCP,GHCND:USC00067373,",,,0",0.75
445,1981-01-01T00:00:00,SNOW,GHCND:USC00067373,",,,0",13.0
446,1981-01-01T00:00:00,TAVG,GHCND:USC00067373,",0",16.1
447,1981-01-01T00:00:00,TMAX,GHCND:USC00067373,",,,0",27.0
448,1981-01-01T00:00:00,TMIN,GHCND:USC00067373,",,,0",5.2
449,1981-01-01T00:00:00,PRCP,GHCND:USC00067432,",,,0",0.6
450,1981-01-01T00:00:00,SNOW,GHCND:USC00067432,",,,0",9.1
451,1981-01-01T00:00:00,PRCP,GHCND:USC00067959,",,,0",0.57
452,1981-01-01T00:00:00,EMNT,GHCND:USC00067970,",0,12,",-16.0
453,1981-01-01T00:00:00,EMXT,GHCND:USC00067970,",0,27,",49.0
454,1981-01-01T00:00:00,PRCP,GHCND:USC00067970,",,,0",0.67
455,1981-01-01T00:00:00,SNOW,GHCND:USC00067970,",,,0",7.8
456,1981-01-01T00:00:00,TAVG,GHCND:USC00067970,",0",21.4
457,1981-01-01T00:00:00,TMAX,GHCND:USC00067970,",,,0",32.5
458,1981-01-01T00:00:00,TMIN,GHCND:USC00067970,",,,0",10.2
459,1981-01-01T00:00:00,PRCP,GHCND:USC00068065,",,,0",0.56
460,1981-01-01T00:00:00,EMNT,GHCND:USC00068138,",0,12,",-9.0
461,1981-01-01T00:00:00,EMXT,GHCND:USC00068138,"1,0,28,",46.0
462,1981-01-01T00:00:00,PRCP,GHCND:USC00068138,",,,0",0.64
463,1981-01-01T00:00:00,SNOW,GHCND:USC00068138,",,,0",9.0
464,1981-01-01T00:00:00,TAVG,GHCND:USC00068138,"1,0",18.2
465,1981-01-01T00:00:00,TMAX,GHCND:USC00068138,"1,,,0",27.1
466,1981-01-01T00:00:00,TMIN,GHCND:USC00068138,",,,0",9.2
467,1981-01-01T00:00:00,PRCP,GHCND:USC00068436,",,,0",0.87
468,1981-01-01T00:00:00,PRCP,GHCND:USC00069162,",,,0",0.42
469,1981-01-01T00:00:00,EMNT,GHCND:USC00069388,",0,12,",-18.0
470,1981-01-01T00:00:00,EMXT,GHCND:USC00069388,",0,28,",48.0
471,1981-01-01T00:00:00,PRCP,GHCND:USC00069388,",,,0",0.67
472,1981-01-01T00:00:00,SNOW,GHCND:USC00069388,",,,0",8.5
473,1981-01-01T00:00:00,TAVG,GHCND:USC00069388,",0",14.3
474,1981-01-01T00:00:00,TMAX,GHCND:USC00069388,",,,0",27.5
475,1981-01-01T00:00:00,TMIN,GHCND:USC00069388,",,,0",1.1
476,1981-01-01T00:00:00,EMNT,GHCND:USC00069568,",0,12,",-21.0
477,1981-01-01T00:00:00,EMXT,GHCND:USC00069568,",0,28,+",46.0
478,1981-01-01T00:00:00,PRCP,GHCND:USC00069568,",,,0",0.77
479,1981-01-01T00:00:00,SNOW,GHCND:USC00069568,"1,,,0",11.0
480,1981-01-01T00:00:00,TAVG,GHCND:USC00069568,",0",17.0
481,1981-01-01T00:00:00,TMAX,GHCND:USC00069568,",,,0",29.5
482,1981-01-01T00:00:00,TMIN,GHCND:USC00069568,",,,0",4.5
483,1981-01-01T00:00:00,PRCP,GHCND:USC00069775,",,,0",1.04
484,1981-01-01T00:00:00,SNOW,GHCND:USC00069775,",,,0",9.4
485,1981-01-01T00:00:00,EMNT,GHCND:USW00014740,",X,12,",-14.0
486,1981-01-01T00:00:00,EMXT,GHCND:USW00014740,",X,27,",49.0
487,1981-01-01T00:00:00,PRCP,GHCND:USW00014740,",,,X",0.38
488,1981-01-01T00:00:00,SNOW,GHCND:USW00014740,",,,X",4.1
489,1981-01-01T00:00:00,TAVG,GHCND:USW00014740,",X",17.8
490,1981-01-01T00:00:00,TMAX,GHCND:USW00014740,",,,X",27.4
491,1981-01-01T00:00:00,TMIN,GHCND:USW00014740,",,,X",8.2
492,1981-01-01T00:00:00,EMNT,GHCND:USW00014752,"1,0,12,",-10.0
493,1981-01-01T00:00:00,EMXT,GHCND:USW00014752,"1,0,28,",51.0
494,1981-01-01T00:00:00,PRCP,GHCND:USW00014752,",,,0",0.53
495,1981-01-01T00:00:00,SNOW,GHCND:USW00014752,",,,0",6.7
496,1981-01-01T00:00:00,TAVG,GHCND:USW00014752,"2,0",19.2
497,1981-01-01T00:00:00,TMAX,GHCND:USW00014752,"1,,,0",29.8
498,1981-01-01T00:00:00,TMIN,GHCND:USW00014752,"1,,,0",8.6
499,1981-01-01T00:00:00,EMNT,GHCND:USW00094702,",0,12,",-3.0
500,1981-01-01T00:00:00,EMXT,GHCND:USW00094702,",0,27,",47.0
501,1981-01-01T00:00:00,PRCP,GHCND:USW00094702,",,,0",0.54
502,1981-01-01T00:00:00,SNOW,GHCND:USW00094702,",,,0",5.4
503,1981-01-01T00:00:00,TAVG,GHCND:USW00094702,",0",22.1
504,1981-01-01T00:00:00,TMAX,GHCND:USW00094702,",,,0",29.3
505,1981-01-01T00:00:00,TMIN,GHCND:USW00094702,",,,0",15.0
506,1981-02-01T00:00:00,PRCP,GHCND:USC00060128,",,,0",7.48
507,1981-02-01T00:00:00,PRCP,GHCND:USC00060299,",,,0",11.07
508,1981-02-01T00:00:00,PRCP,GHCND:USC00060918,",a,,0",7.43
509,1981-02-01T00:00:00,EMNT,GHCND:USC00060961,"2,0,06,",-1.0
510,1981-02-01T00:00:00,EMXT,GHCND:USC00060961,",0,18,",65.0
511,1981-02-01T00:00:00,PRCP,GHCND:USC00060961,",,,0",8.74
512,1981-02-01T00:00:00,TAVG,GHCND:USC00060961,"2,0",33.2
513,1981-02-01T00:00:00,TMAX,GHCND:USC00060961,",,,0",44.9
514,1981-02-01T00:00:00,TMIN,GHCND:USC00060961,"2,,,0",21.5
515,1981-02-01T00:00:00,EMNT,GHCND:USC00060973,",0,06,",-1.0
516,1981-02-01T00:00:00,EMXT,GHCND:USC00060973,",0,19,",67.0
517,1981-02-01T00:00:00,PRCP,GHCND:USC00060973,",,,0",10.25
518,1981-02-01T00:00:00,SNOW,GHCND:USC00060973,",,,0",0.0
519,1981-02-01T00:00:00,TAVG,GHCND:USC00060973,",0",31.9
520,1981-02-01T00:00:00,TMAX,GHCND:USC00060973,",,,0",42.9
521,1981-02-01T00:00:00,TMIN,GHCND:USC00060973,",,,0",20.9
522,1981-02-01T00:00:00,PRCP,GHCND:USC00061488,"2,,,0",7.71
523,1981-02-01T00:00:00,SNOW,GHCND:USC00061488,",,,0",0.0
524,1981-02-01T00:00:00,EMNT,GHCND:USC00061689,"2,0,06,",-11.0
525,1981-02-01T00:00:00,EMXT,GHCND:USC00061689,"2,0,19,",67.0
526,1981-02-01T00:00:00,PRCP,GHCND:USC00061689,",,,0",7.68
527,1981-02-01T00:00:00,SNOW,GHCND:USC00061689,",,,0",2.2
528,1981-02-01T00:00:00,TAVG,GHCND:USC00061689,"3,0",32.3
529,1981-02-01T00:00:00,TMAX,GHCND:USC00061689,"2,,,0",46.0
530,1981-02-01T00:00:00,TMIN,GHCND:USC00061689,"2,,,0",18.6
531,1981-02-01T00:00:00,EMNT,GHCND:USC00061762,",0,05,",0.0
532,1981-02-01T00:00:00,EMXT,GHCND:USC00061762,",0,18,",66.0
533,1981-02-01T00:00:00,PRCP,GHCND:USC00061762,",,,0",8.38
534,1981-02-01T00:00:00,SNOW,GHCND:USC00061762,",,,0",0.0
535,1981-02-01T00:00:00,TAVG,GHCND:USC00061762,",0",35.5
536,1981-02-01T00:00:00,TMAX,GHCND:USC00061762,",,,0",46.1
537,1981-02-01T00:00:00,TMIN,GHCND:USC00061762,",,,0",24.8
538,1981-02-01T00:00:00,PRCP,GHCND:USC00062169,",,,0",5.76
539,1981-02-01T00:00:00,EMNT,GHCND:USC00062658,",0,06,+",-5.0
540,1981-02-01T00:00:00,EMXT,GHCND:USC00062658,",0,18,",65.0
541,1981-02-01T00:00:00,PRCP,GHCND:USC00062658,",,,0",8.16
542,1981-02-01T00:00:00,TAVG,GHCND:USC00062658,",0",32.6
543,1981-02-01T00:00:00,TMAX,GHCND:USC00062658,",,,0",44.7
544,1981-02-01T00:00:00,TMIN,GHCND:USC00062658,",,,0",20.4
545,1981-02-01T00:00:00,EMNT,GHCND:USC00063207,",0,06,+",3.0
546,1981-02-01T00:00:00,EMXT,GHCND:USC00063207,",0,18,",65.0
547,1981-02-01T00:00:00,PRCP,GHCND:USC00063207,",,,0",5.06
548,1981-02-01T00:00:00,SNOW,GHCND:USC00063207,",T,,0",0.0
549,1981-02-01T00:00:00,TAVG,GHCND:USC00063207,",0",34.8
550,1981-02-01T00:00:00,TMAX,GHCND:USC00063207,",,,0",45.8
551,1981-02-01T00:00:00,TMIN,GHCND:USC00063207,",,,0",23.8
552,1981-02-01T00:00:00,EMNT,GHCND:USC00064488,",0,06,",-6.0
553,1981-02-01T00:00:00,EMXT,GHCND:USC00064488,",0,19,",67.0
554,1981-02-01T00:00:00,PRCP,GHCND:USC00064488,",,,0",7.4
555,1981-02-01T00:00:00,SNOW,GHCND:USC00064488,",,,0",2.0
556,1981-02-01T00:00:00,TAVG,GHCND:USC00064488,",0",32.2
557,1981-02-01T00:00:00,TMAX,GHCND:USC00064488,",,,0",44.7
558,1981-02-01T00:00:00,TMIN,GHCND:USC00064488,",,,0",19.7
559,1981-02-01T00:00:00,EMNT,GHCND:USC00064767,"1,0,05,",5.0
560,1981-02-01T00:00:00,EMXT,GHCND:USC00064767,"1,0,19,",63.0
561,1981-02-01T00:00:00,PRCP,GHCND:USC00064767,",,,0",8.68
562,1981-02-01T00:00:00,SNOW,GHCND:USC00064767,",,,0",0.5
563,1981-02-01T00:00:00,TAVG,GHCND:USC00064767,"1,0",37.8
564,1981-02-01T00:00:00,TMAX,GHCND:USC00064767,"1,,,0",45.8
565,1981-02-01T00:00:00,TMIN,GHCND:USC00064767,"1,,,0",29.7
566,1981-02-01T00:00:00,EMNT,GHCND:USC00065077,",0,05,",4.0
567,1981-02-01T00:00:00,EMXT,GHCND:USC00065077,",0,18,",65.0
568,1981-02-01T00:00:00,PRCP,GHCND:USC00065077,",,,0",7.36
569,1981-02-01T00:00:00,SNOW,GHCND:USC00065077,",,,0",0.0
570,1981-02-01T00:00:00,TAVG,GHCND:USC00065077,",0",36.6
571,1981-02-01T00:00:00,TMAX,GHCND:USC00065077,",,,0",46.3
572,1981-02-01T00:00:00,TMIN,GHCND:USC00065077,",,,0",26.9
573,1981-02-01T00:00:00,EMNT,GHCND:USC00065266,",0,05,",6.0
574,1981-02-01T00:00:00,EMXT,GHCND:USC00065266,",0,18,",65.0
575,1981-02-01T00:00:00,PRCP,GHCND:USC00065266,",,,0",6.4
576,1981-02-01T00:00:00,TAVG,GHCND:USC00065266,",0",37.4
577,1981-02-01T00:00:00,TMAX,GHCND:USC00065266,",,,0",45.3
578,1981-02-01T00:00:00,TMIN,GHCND:USC00065266,",,,0",29.5
579,1981-02-01T00:00:00,EMNT,GHCND:USC00065445,",0,06,+",-5.0
580,1981-02-01T00:00:00,EMXT,GHCND:USC00065445,",0,20,",60.0
581,1981-02-01T00:00:00,PRCP,GHCND:USC00065445,",,,0",11.65
582,1981-02-01T00:00:00,SNOW,GHCND:USC00065445,",,,0",22.2
583,1981-02-01T00:00:00,TAVG,GHCND:USC00065445,",0",28.0
584,1981-02-01T00:00:00,TMAX,GHCND:USC00065445,",,,0",37.2
585,1981-02-01T00:00:00,TMIN,GHCND:USC00065445,",,,0",18.8
586,1981-02-01T00:00:00,EMNT,GHCND:USC00065893,"2,0,05,",4.0
587,1981-02-01T00:00:00,EMXT,GHCND:USC00065893,"2,0,19,",64.0
588,1981-02-01T00:00:00,PRCP,GHCND:USC00065893,",,,0",5.24
589,1981-02-01T00:00:00,TAVG,GHCND:USC00065893,"2,0",34.7
590,1981-02-01T00:00:00,TMAX,GHCND:USC00065893,"2,,,0",44.9
591,1981-02-01T00:00:00,TMIN,GHCND:USC00065893,"2,,,0",24.5
592,1981-02-01T00:00:00,EMNT,GHCND:USC00065910,"2,0,06,",5.0
593,1981-02-01T00:00:00,EMXT,GHCND:USC00065910,",0,18,",72.0
594,1981-02-01T00:00:00,PRCP,GHCND:USC00065910,",,,0",7.08
595,1981-02-01T00:00:00,TAVG,GHCND:USC00065910,"2,0",36.0
596,1981-02-01T00:00:00,TMAX,GHCND:USC00065910,",,,0",46.5
597,1981-02-01T00:00:00,TMIN,GHCND:USC00065910,"2,,,0",25.6
598,1981-02-01T00:00:00,EMNT,GHCND:USC00066655,",0,06,",2.0
599,1981-02-01T00:00:00,EMXT,GHCND:USC00066655,",0,19,",64.0
600,1981-02-01T00:00:00,PRCP,GHCND:USC00066655,",,,0",6.91
601,1981-02-01T00:00:00,TAVG,GHCND:USC00066655,",0",33.4
602,1981-02-01T00:00:00,TMAX,GHCND:USC00066655,",,,0",43.2
603,1981-02-01T00:00:00,TMIN,GHCND:USC00066655,",,,0",23.6
604,1981-02-01T00:00:00,PRCP,GHCND:USC00066966,",,,0",7.71
605,1981-02-01T00:00:00,PRCP,GHCND:USC00067002,",,,0",9.66
606,1981-02-01T00:00:00,PRCP,GHCND:USC00067157,",,,0",8.23
607,1981-02-01T00:00:00,EMNT,GHCND:USC00067373,",0,06,",-6.0
608,1981-02-01T00:00:00,EMXT,GHCND:USC00067373,",0,19,",64.0
609,1981-02-01T00:00:00,PRCP,GHCND:USC00067373,",,,0",10.15
610,1981-02-01T00:00:00,SNOW,GHCND:USC00067373,",,,0",3.0
611,1981-02-01T00:00:00,TAVG,GHCND:USC00067373,",0",32.4
612,1981-02-01T00:00:00,TMAX,GHCND:USC00067373,",,,0",43.0
613,1981-02-01T00:00:00,TMIN,GHCND:USC00067373,",,,0",21.9
614,1981-02-01T00:00:00,PRCP,GHCND:USC00067432,",a,,0",9.7
615,1981-02-01T00:00:00,SNOW,GHCND:USC00067432,",,,0",0.8
616,1981-02-01T00:00:00,PRCP,GHCND:USC00067959,",,,0",8.11
617,1981-02-01T00:00:00,EMNT,GHCND:USC00067970,",0,06,+",3.0
618,1981-02-01T00:00:00,EMXT,GHCND:USC00067970,",0,18,",67.0
619,1981-02-01T00:00:00,PRCP,GHCND:USC00067970,",,,0",6.98
620,1981-02-01T00:00:00,SNOW,GHCND:USC00067970,",,,0",0.3
621,1981-02-01T00:00:00,TAVG,GHCND:USC00067970,",0",36.0
622,1981-02-01T00:00:00,TMAX,GHCND:USC00067970,",,,0",46.8
623,1981-02-01T00:00:00,TMIN,GHCND:USC00067970,",,,0",25.2
624,1981-02-01T00:00:00,PRCP,GHCND:USC00068065,",,,0",9.3
625,1981-02-01T00:00:00,EMNT,GHCND:USC00068138,",0,06,+",2.0
626,1981-02-01T00:00:00,EMXT,GHCND:USC00068138,",0,19,",64.0
627,1981-02-01T00:00:00,PRCP,GHCND:USC00068138,",,,0",7.89
628,1981-02-01T00:00:00,SNOW,GHCND:USC00068138,",,,0",2.5
629,1981-02-01T00:00:00,TAVG,GHCND:USC00068138,",0",33.0
630,1981-02-01T00:00:00,TMAX,GHCND:USC00068138,",,,0",42.6
631,1981-02-01T00:00:00,TMIN,GHCND:USC00068138,",,,0",23.4
632,1981-02-01T00:00:00,PRCP,GHCND:USC00068436,",a,,0",10.46
633,1981-02-01T00:00:00,PRCP,GHCND:USC00069162,",,,0",10.81
634,1981-02-01T00:00:00,EMNT,GHCND:USC00069388,",0,06,",-4.0
635,1981-02-01T00:00:00,EMXT,GHCND:USC00069388,",0,19,",67.0
636,1981-02-01T00:00:00,PRCP,GHCND:USC00069388,",,,0",7.59
637,1981-02-01T00:00:00,SNOW,GHCND:USC00069388,",,,0",1.0
638,1981-02-01T00:00:00,TAVG,GHCND:USC00069388,",0",31.6
639,1981-02-01T00:00:00,TMAX,GHCND:USC00069388,",,,0",44.2
640,1981-02-01T00:00:00,TMIN,GHCND:USC00069388,",,,0",19.0
641,1981-02-01T00:00:00,EMNT,GHCND:USC00069568,",0,06,",-5.0
642,1981-02-01T00:00:00,EMXT,GHCND:USC00069568,",0,19,",65.0
643,1981-02-01T00:00:00,PRCP,GHCND:USC00069568,",,,0",10.44
644,1981-02-01T00:00:00,TAVG,GHCND:USC00069568,",0",33.3
645,1981-02-01T00:00:00,TMAX,GHCND:USC00069568,",,,0",45.2
646,1981-02-01T00:00:00,TMIN,GHCND:USC00069568,",,,0",21.4
647,1981-02-01T00:00:00,PRCP,GHCND:USC00069775,",,,0",7.86
648,1981-02-01T00:00:00,SNOW,GHCND:USC00069775,",,,0",1.5
649,1981-02-01T00:00:00,EMNT,GHCND:USW00014740,",X,05,",4.0
650,1981-02-01T00:00:00,EMXT,GHCND:USW00014740,",X,18,",68.0
651,1981-02-01T00:00:00,PRCP,GHCND:USW00014740,",,,X",7.28
652,1981-02-01T00:00:00,SNOW,GHCND:USW00014740,",,,X",0.9
653,1981-02-01T00:00:00,TAVG,GHCND:USW00014740,",X",35.2
654,1981-02-01T00:00:00,TMAX,GHCND:USW00014740,",,,X",44.7
655,1981-02-01T00:00:00,TMIN,GHCND:USW00014740,",,,X",25.8
656,1981-02-01T00:00:00,EMNT,GHCND:USW00014752,",0,06,",3.0
657,1981-02-01T00:00:00,EMXT,GHCND:USW00014752,",0,19,",68.0
658,1981-02-01T00:00:00,PRCP,GHCND:USW00014752,",,,0",8.66
659,1981-02-01T00:00:00,SNOW,GHCND:USW00014752,",,,0",1.0
660,1981-02-01T00:00:00,TAVG,GHCND:USW00014752,",0",35.7
661,1981-02-01T00:00:00,TMAX,GHCND:USW00014752,",,,0",45.9
662,1981-02-01T00:00:00,TMIN,GHCND:USW00014752,",,,0",25.6
663,1981-02-01T00:00:00,EMNT,GHCND:USW00094702,",0,05,",5.0
664,1981-02-01T00:00:00,EMXT,GHCND:USW00094702,",0,18,",60.0
665,1981-02-01T00:00:00,PRCP,GHCND:USW00094702,",,,0",4.67
666,1981-02-01T00:00:00,SNOW,GHCND:USW00094702,",T,,0",0.0
667,1981-02-01T00:00:00,TAVG,GHCND:USW00094702,",0",33.9
668,1981-02-01T00:00:00,TMAX,GHCND:USW00094702,",,,0",41.0
669,1981-02-01T00:00:00,TMIN,GHCND:USW00094702,",,,0",26.7
670,1981-03-01T00:00:00,PRCP,GHCND:USC00060128,",,,0",0.88
671,1981-03-01T00:00:00,PRCP,GHCND:USC00060299,",,,0",0.43
672,1981-03-01T00:00:00,PRCP,GHCND:USC00060918,",,,0",0.53
673,1981-03-01T00:00:00,EMNT,GHCND:USC00060961,"1,0,20,+",9.0
674,1981-03-01T00:00:00,EMXT,GHCND:USC00060961,",0,29,",78.0
675,1981-03-01T00:00:00,PRCP,GHCND:USC00060961,",,,0",0.41
676,1981-03-01T00:00:00,TAVG,GHCND:USC00060961,"1,0",34.9
677,1981-03-01T00:00:00,TMAX,GHCND:USC00060961,",,,0",46.4
678,1981-03-01T00:00:00,TMIN,GHCND:USC00060961,"1,,,0",23.4
679,1981-03-01T00:00:00,EMNT,GHCND:USC00060973,",0,18,",11.0
680,1981-03-01T00:00:00,EMXT,GHCND:USC00060973,",0,30,",77.0
681,1981-03-01T00:00:00,PRCP,GHCND:USC00060973,",,,0",0.5
682,1981-03-01T00:00:00,TAVG,GHCND:USC00060973,",0",35.6
683,1981-03-01T00:00:00,TMAX,GHCND:USC00060973,",,,0",45.4
684,1981-03-01T00:00:00,TMIN,GHCND:USC00060973,",,,0",25.7
685,1981-03-01T00:00:00,PRCP,GHCND:USC00061488,",,,0",0.85
686,1981-03-01T00:00:00,EMNT,GHCND:USC00061689,"2,0,20,",10.0
687,1981-03-01T00:00:00,EMXT,GHCND:USC00061689,"2,0,30,",75.0
688,1981-03-01T00:00:00,PRCP,GHCND:USC00061689,",,,0",0.59
689,1981-03-01T00:00:00,TAVG,GHCND:USC00061689,"2,0",35.5
690,1981-03-01T00:00:00,TMAX,GHCND:USC00061689,"2,,,0",46.0
691,1981-03-01T00:00:00,TMIN,GHCND:USC00061689,"2,,,0",24.9
692,1981-03-01T00:00:00,EMNT,GHCND:USC00061762,",0,18,",8.0
693,1981-03-01T00:00:00,EMXT,GHCND:USC00061762,",0,29,",76.0
694,1981-03-01T00:00:00,PRCP,GHCND:USC00061762,",,,0",0.5
695,1981-03-01T00:00:00,SNOW,GHCND:USC00061762,",,,0",3.0
696,1981-03-01T00:00:00,TAVG,GHCND:USC00061762,",0",37.2
697,1981-03-01T00:00:00,TMAX,GHCND:USC00061762,",,,0",48.5
698,1981-03-01T00:00:00,TMIN,GHCND:USC00061762,",,,0",25.8
699,1981-03-01T00:00:00,PRCP,GHCND:USC00062169,",,,0",0.9
700,1981-03-01T00:00:00,EMNT,GHCND:USC00062658,",0,20,",8.0
701,1981-03-01T00:00:00,EMXT,GHCND:USC00062658,",0,29,",77.0
702,1981-03-01T00:00:00,PRCP,GHCND:USC00062658,",,,0",0.4
703,1981-03-01T00:00:00,TAVG,GHCND:USC00062658,",0",35.0
704,1981-03-01T00:00:00,TMAX,GHCND:USC00062658,",,,0",46.2
705,1981-03-01T00:00:00,TMIN,GHCND:USC00062658,",,,0",23.8
706,1981-03-01T00:00:00,EMNT,GHCND:USC00063207,",0,18,",15.0
707,1981-03-01T00:00:00,EMXT,GHCND:USC00063207,",0,31,",71.0
708,1981-03-01T00:00:00,PRCP,GHCND:USC00063207,",,,0",0.72
709,1981-03-01T00:00:00,SNOW,GHCND:USC00063207,",,,0",2.6
710,1981-03-01T00:00:00,TAVG,GHCND:USC00063207,",0",37.5
711,1981-03-01T00:00:00,TMAX,GHCND:USC00063207,",,,0",47.4
712,1981-03-01T00:00:00,TMIN,GHCND:USC00063207,",,,0",27.8
713,1981-03-01T00:00:00,EMNT,GHCND:USC00064488,",0,19,",11.0
714,1981-03-01T00:00:00,EMXT,GHCND:USC00064488,",0,30,",74.0
715,1981-03-01T00:00:00,PRCP,GHCND:USC00064488,",,,0",0.65
716,1981-03-01T00:00:00,SNOW,GHCND:USC00064488,",T,,0",0.0
717,1981-03-01T00:00:00,TAVG,GHCND:USC00064488,",0",35.9
718,1981-03-01T00:00:00,TMAX,GHCND:USC00064488,",,,0",46.5
719,1981-03-01T00:00:00,TMIN,GHCND:USC00064488,",,,0",25.4
720,1981-03-01T00:00:00,EMNT,GHCND:USC00064767,",0,18,",15.0
721,1981-03-01T00:00:00,EMXT,GHCND:USC00064767,",0,30,",71.0
722,1981-03-01T00:00:00,PRCP,GHCND:USC00064767,",,,0",0.66
723,1981-03-01T00:00:00,SNOW,GHCND:USC00064767,",T,,0",0.0
724,1981-03-01T00:00:00,TAVG,GHCND:USC00064767,",0",38.8
725,1981-03-01T00:00:00,TMAX,GHCND:USC00064767,",,,0",47.7
726,1981-03-01T00:00:00,TMIN,GHCND:USC00064767,",,,0",29.9
727,1981-03-01T00:00:00,EMNT,GHCND:USC00065077,",0,18,",13.0
728,1981-03-01T00:00:00,EMXT,GHCND:USC00065077,",0,29,",73.0
729,1981-03-01T00:00:00,PRCP,GHCND:USC00065077,",,,0",0.66
730,1981-03-01T00:00:00,SNOW,GHCND:USC00065077,",,,0",0.4
731,1981-03-01T00:00:00,TAVG,GHCND:USC00065077,",0",38.2
732,1981-03-01T00:00:00,TMAX,GHCND:USC00065077,",,,0",48.5
733,1981-03-01T00:00:00,TMIN,GHCND:USC00065077,",,,0",27.9
734,1981-03-01T00:00:00,EMNT,GHCND:USC00065266,",0,18,",15.0
735,1981-03-01T00:00:00,EMXT,GHCND:USC00065266,",0,29,",72.0
736,1981-03-01T00:00:00,PRCP,GHCND:USC00065266,",,,0",1.05
737,1981-03-01T00:00:00,TAVG,GHCND:USC00065266,",0",40.0
738,1981-03-01T00:00:00,TMAX,GHCND:USC00065266,",,,0",48.7
739,1981-03-01T00:00:00,TMIN,GHCND:USC00065266,",,,0",31.4
740,1981-03-01T00:00:00,EMNT,GHCND:USC00065445,",0,18,",7.0
741,1981-03-01T00:00:00,EMXT,GHCND:USC00065445,",0,30,",71.0
742,1981-03-01T00:00:00,PRCP,GHCND:USC00065445,",,,0",0.69
743,1981-03-01T00:00:00,SNOW,GHCND:USC00065445,",,,0",5.2
744,1981-03-01T00:00:00,TAVG,GHCND:USC00065445,",0",30.4
745,1981-03-01T00:00:00,TMAX,GHCND:USC00065445,",,,0",38.7
746,1981-03-01T00:00:00,TMIN,GHCND:USC00065445,",,,0",22.1
747,1981-03-01T00:00:00,EMNT,GHCND:USC00065893,",0,18,",13.0
748,1981-03-01T00:00:00,EMXT,GHCND:USC00065893,",0,30,",72.0
749,1981-03-01T00:00:00,PRCP,GHCND:USC00065893,",,,0",1.04
750,1981-03-01T00:00:00,TAVG,GHCND:USC00065893,",0",36.8
751,1981-03-01T00:00:00,TMAX,GHCND:USC00065893,",,,0",45.8
752,1981-03-01T00:00:00,TMIN,GHCND:USC00065893,",,,0",27.9
753,1981-03-01T00:00:00,EMNT,GHCND:USC00065910,"1,0,19,",16.0
754,1981-03-01T00:00:00,EMXT,GHCND:USC00065910,"2,0,31,",70.0
755,1981-03-01T00:00:00,PRCP,GHCND:USC00065910,",,,0",1.01
756,1981-03-01T00:00:00,SNOW,GHCND:USC00065910,",,,0",0.2
757,1981-03-01T00:00:00,TAVG,GHCND:USC00065910,"3,0",38.5
758,1981-03-01T00:00:00,TMAX,GHCND:USC00065910,"2,,,0",48.3
759,1981-03-01T00:00:00,TMIN,GHCND:USC00065910,"1,,,0",28.7
760,1981-03-01T00:00:00,PRCP,GHCND:USC00066655,",,,0",1.11
761,1981-03-01T00:00:00,PRCP,GHCND:USC00066966,",,,0",0.65
762,1981-03-01T00:00:00,PRCP,GHCND:USC00067002,",,,0",0.72
763,1981-03-01T00:00:00,PRCP,GHCND:USC00067157,",,,0",0.64
764,1981-03-01T00:00:00,EMNT,GHCND:USC00067373,",0,18,",9.0
765,1981-03-01T00:00:00,EMXT,GHCND:USC00067373,",0,30,",74.0
766,1981-03-01T00:00:00,PRCP,GHCND:USC00067373,",,,0",0.55
767,1981-03-01T00:00:00,TAVG,GHCND:USC00067373,",0",34.6
768,1981-03-01T00:00:00,TMAX,GHCND:USC00067373,",,,0",44.1
769,1981-03-01T00:00:00,TMIN,GHCND:USC00067373,",,,0",25.2
770,1981-03-01T00:00:00,PRCP,GHCND:USC00067432,",,,0",0.44
771,1981-03-01T00:00:00,SNOW,GHCND:USC00067432,",T,,0",0.0
772,1981-03-01T00:00:00,PRCP,GHCND:USC00067959,",,,0",1.46
773,1981-03-01T00:00:00,EMNT,GHCND:USC00067970,",0,18,",12.0
774,1981-03-01T00:00:00,EMXT,GHCND:USC00067970,",0,29,",77.0
775,1981-03-01T00:00:00,PRCP,GHCND:USC00067970,",,,0",0.85
776,1981-03-01T00:00:00,SNOW,GHCND:USC00067970,",,,0",5.0
777,1981-03-01T00:00:00,TAVG,GHCND:USC00067970,",0",38.4
778,1981-03-01T00:00:00,TMAX,GHCND:USC00067970,",,,0",50.0
779,1981-03-01T00:00:00,TMIN,GHCND:USC00067970,",,,0",26.9
780,1981-03-01T00:00:00,PRCP,GHCND:USC00068065,",,,0",1.0
781,1981-03-01T00:00:00,SNOW,GHCND:USC00068065,",T,,0",0.0
782,1981-03-01T00:00:00,EMNT,GHCND:USC00068138,",0,18,",11.0
783,1981-03-01T00:00:00,EMXT,GHCND:USC00068138,"1,0,30,",72.0
784,1981-03-01T00:00:00,PRCP,GHCND:USC00068138,",,,0",0.55
785,1981-03-01T00:00:00,SNOW,GHCND:USC00068138,",,,0",0.0
786,1981-03-01T00:00:00,TAVG,GHCND:USC00068138,"1,0",35.2
787,1981-03-01T00:00:00,TMAX,GHCND:USC00068138,"1,,,0",43.6
788,1981-03-01T00:00:00,TMIN,GHCND:USC00068138,",,,0",26.8
789,1981-03-01T00:00:00,PRCP,GHCND:USC00068436,",,,0",0.43
790,1981-03-01T00:00:00,PRCP,GHCND:USC00069162,",,,0",0.3
791,1981-03-01T00:00:00,EMNT,GHCND:USC00069388,",0,19,",9.0
792,1981-03-01T00:00:00,EMXT,GHCND:USC00069388,",0,30,",78.0
793,1981-03-01T00:00:00,PRCP,GHCND:USC00069388,",,,0",0.75
794,1981-03-01T00:00:00,SNOW,GHCND:USC00069388,",,,0",0.5
795,1981-03-01T00:00:00,TAVG,GHCND:USC00069388,",0",35.4
796,1981-03-01T00:00:00,TMAX,GHCND:USC00069388,",,,0",46.4
797,1981-03-01T00:00:00,TMIN,GHCND:USC00069388,",,,0",24.4
798,1981-03-01T00:00:00,EMNT,GHCND:USC00069568,",0,19,+",9.0
799,1981-03-01T00:00:00,EMXT,GHCND:USC00069568,",0,30,",76.0
800,1981-03-01T00:00:00,PRCP,GHCND:USC00069568,",,,0",0.72
801,1981-03-01T00:00:00,TAVG,GHCND:USC00069568,",0",35.1
802,1981-03-01T00:00:00,TMAX,GHCND:USC00069568,",,,0",46.7
803,1981-03-01T00:00:00,TMIN,GHCND:USC00069568,",,,0",23.6
804,1981-03-01T00:00:00,PRCP,GHCND:USC00069775,",,,0",0.38
805,1981-03-01T00:00:00,SNOW,GHCND:USC00069775,",,,0",0.8
806,1981-03-01T00:00:00,EMNT,GHCND:USW00014740,",X,19,",14.0
807,1981-03-01T00:00:00,EMXT,GHCND:USW00014740,",X,29,",80.0
808,1981-03-01T00:00:00,PRCP,GHCND:USW00014740,",,,X",0.27
809,1981-03-01T00:00:00,SNOW,GHCND:USW00014740,",,,X",0.2
810,1981-03-01T00:00:00,TAVG,GHCND:USW00014740,",X",38.1
811,1981-03-01T00:00:00,TMAX,GHCND:USW00014740,",,,X",48.5
812,1981-03-01T00:00:00,TMIN,GHCND:USW00014740,",,,X",27.7
813,1981-03-01T00:00:00,EMNT,GHCND:USW00014752,",0,18,",17.0
814,1981-03-01T00:00:00,EMXT,GHCND:USW00014752,",0,30,",78.0
815,1981-03-01T00:00:00,PRCP,GHCND:USW00014752,",,,0",0.62
816,1981-03-01T00:00:00,SNOW,GHCND:USW00014752,",,,0",0.0
817,1981-03-01T00:00:00,TAVG,GHCND:USW00014752,",0",38.6
818,1981-03-01T00:00:00,TMAX,GHCND:USW00014752,",,,0",47.7
819,1981-03-01T00:00:00,TMIN,GHCND:USW00014752,",,,0",29.5
820,1981-03-01T00:00:00,EMNT,GHCND:USW00094702,",0,18,",14.0
821,1981-03-01T00:00:00,EMXT,GHCND:USW00094702,",0,31,",70.0
822,1981-03-01T00:00:00,PRCP,GHCND:USW00094702,",,,0",0.69
823,1981-03-01T00:00:00,SNOW,GHCND:USW00094702,",,,0",1.5
824,1981-03-01T00:00:00,TAVG,GHCND:USW00094702,",0",38.0
825,1981-03-01T00:00:00,TMAX,GHCND:USW00094702,",,,0",46.0
826,1981-03-01T00:00:00,TMIN,GHCND:USW00094702,",,,0",30.1
