,date,datatype,station,attributes,value
0,2019-11-01T00:00:00,PRCP,GHCND:US1CTFR0003,",,,N",2.26
1,2019-11-01T00:00:00,SNOW,GHCND:US1CTFR0003,",T,,N",0.0
2,2019-11-01T00:00:00,PRCP,GHCND:US1CTFR0009,",,,N",3.31
3,2019-11-01T00:00:00,SNOW,GHCND:US1CTFR0009,",T,,N",0.0
4,2019-11-01T00:00:00,PRCP,GHCND:US1CTFR0020,",,,N",2.2
5,2019-11-01T00:00:00,PRCP,GHCND:US1CTFR0023,",,,N",2.58
6,2019-11-01T00:00:00,SNOW,GHCND:US1CTFR0023,",T,,N",0.0
7,2019-11-01T00:00:00,PRCP,GHCND:US1CTFR0025,",,,N",2.09
8,2019-11-01T00:00:00,SNOW,GHCND:US1CTFR0025,",T,,N",0.0
9,2019-11-01T00:00:00,PRCP,GHCND:US1CTFR0026,"1,,,N",1.58
10,2019-11-01T00:00:00,PRCP,GHCND:US1CTFR0029,",,,N",2.77
11,2019-11-01T00:00:00,SNOW,GHCND:US1CTFR0029,",,,N",0.0
12,2019-11-01T00:00:00,PRCP,GHCND:US1CTFR0031,"3,,,N",2.99
13,2019-11-01T00:00:00,PRCP,GHCND:US1CTFR0032,",,,N",2.53
14,2019-11-01T00:00:00,PRCP,GHCND:US1CTFR0035,"1,,,N",1.85
15,2019-11-01T00:00:00,PRCP,GHCND:US1CTFR0039,",,,N",1.97
16,2019-11-01T00:00:00,PRCP,GHCND:US1CTFR0041,",,,N",3.34
17,2019-11-01T00:00:00,PRCP,GHCND:US1CTFR0042,",a,,N",2.28
18,2019-11-01T00:00:00,PRCP,GHCND:US1CTFR0043,",,,N",3.15
19,2019-11-01T00:00:00,PRCP,GHCND:US1CTFR0046,"1,,,N",1.93
20,2019-11-01T00:00:00,PRCP,GHCND:US1CTFR0050,",,,N",2.11
21,2019-11-01T00:00:00,PRCP,GHCND:US1CTFR0055,",,,N",1.96
22,2019-11-01T00:00:00,PRCP,GHCND:US1CTFR0057,",,,N",2.11
23,2019-11-01T00:00:00,SNOW,GHCND:US1CTFR0057,"3,,,N",0.0
24,2019-11-01T00:00:00,PRCP,GHCND:US1CTFR0059,",,,N",2.5
25,2019-11-01T00:00:00,SNOW,GHCND:US1CTFR0059,"5,T,,N",0.0
26,2019-11-01T00:00:00,PRCP,GHCND:US1CTFR0064,"1,,,N",2.74
27,2019-11-01T00:00:00,PRCP,GHCND:US1CTHR0005,"1,,,N",3.88
28,2019-11-01T00:00:00,PRCP,GHCND:US1CTHR0006,",,,N",3.01
29,2019-11-01T00:00:00,PRCP,GHCND:US1CTHR0007,",,,N",3.68
30,2019-11-01T00:00:00,PRCP,GHCND:US1CTHR0008,",,,N",3.23
31,2019-11-01T00:00:00,SNOW,GHCND:US1CTHR0008,",,,N",0.1
32,2019-11-01T00:00:00,PRCP,GHCND:US1CTHR0015,",,,N",2.99
33,2019-11-01T00:00:00,SNOW,GHCND:US1CTHR0015,"3,T,,N",0.0
34,2019-11-01T00:00:00,PRCP,GHCND:US1CTHR0022,",,,N",3.36
35,2019-11-01T00:00:00,SNOW,GHCND:US1CTHR0022,",,,N",0.0
36,2019-11-01T00:00:00,PRCP,GHCND:US1CTHR0023,"5,a,,N",2.51
37,2019-11-01T00:00:00,PRCP,GHCND:US1CTHR0028,",,,N",3.15
38,2019-11-01T00:00:00,PRCP,GHCND:US1CTHR0035,",a,,N",2.97
39,2019-11-01T00:00:00,PRCP,GHCND:US1CTHR0039,"5,a,,N",3.06
40,2019-11-01T00:00:00,PRCP,GHCND:US1CTHR0049,",,,N",2.41
41,2019-11-01T00:00:00,PRCP,GHCND:US1CTHR0055,",a,,N",3.1
42,2019-11-01T00:00:00,PRCP,GHCND:US1CTHR0057,",,,N",3.23
43,2019-11-01T00:00:00,SNOW,GHCND:US1CTHR0057,"2,,,N",0.0
44,2019-11-01T00:00:00,PRCP,GHCND:US1CTHR0060,"2,a,,N",2.91
45,2019-11-01T00:00:00,PRCP,GHCND:US1CTHR0063,"1,,,N",3.18
46,2019-11-01T00:00:00,SNOW,GHCND:US1CTHR0063,"1,,,N",0.0
47,2019-11-01T00:00:00,PRCP,GHCND:US1CTHR0065,",,,N",3.04
48,2019-11-01T00:00:00,PRCP,GHCND:US1CTHR0068,"1,,,N",2.3
49,2019-11-01T00:00:00,PRCP,GHCND:US1CTHR0071,",,,N",3.57
50,2019-11-01T00:00:00,PRCP,GHCND:US1CTHR0076,"1,,,N",2.5
51,2019-11-01T00:00:00,PRCP,GHCND:US1CTHR0080,",,,N",2.8
52,2019-11-01T00:00:00,PRCP,GHCND:US1CTHR0082,",,,N",3.11
53,2019-11-01T00:00:00,PRCP,GHCND:US1CTHR0083,",,,N",3.56
54,2019-11-01T00:00:00,PRCP,GHCND:US1CTHR0084,",,,N",4.06
55,2019-11-01T00:00:00,PRCP,GHCND:US1CTHR0085,",,,N",2.87
56,2019-11-01T00:00:00,PRCP,GHCND:US1CTLT0015,",,,N",4.29
57,2019-11-01T00:00:00,SNOW,GHCND:US1CTLT0015,",,,N",0.1
58,2019-11-01T00:00:00,PRCP,GHCND:US1CTLT0018,",,,N",3.19
59,2019-11-01T00:00:00,PRCP,GHCND:US1CTLT0020,",,,N",4.03
60,2019-11-01T00:00:00,PRCP,GHCND:US1CTLT0022,",a,,N",3.13
61,2019-11-01T00:00:00,SNOW,GHCND:US1CTLT0022,"3,T,,N",0.0
62,2019-11-01T00:00:00,PRCP,GHCND:US1CTLT0028,"1,,,N",2.71
63,2019-11-01T00:00:00,PRCP,GHCND:US1CTMD0018,",,,N",3.42
64,2019-11-01T00:00:00,PRCP,GHCND:US1CTMD0019,"1,,,N",2.82
65,2019-11-01T00:00:00,PRCP,GHCND:US1CTMD0021,",,,N",2.68
66,2019-11-01T00:00:00,SNOW,GHCND:US1CTMD0021,",T,,N",0.0
67,2019-11-01T00:00:00,PRCP,GHCND:US1CTMD0023,",,,N",2.81
68,2019-11-01T00:00:00,SNOW,GHCND:US1CTMD0023,"3,,,N",0.0
69,2019-11-01T00:00:00,PRCP,GHCND:US1CTMD0024,"3,,,N",2.64
70,2019-11-01T00:00:00,PRCP,GHCND:US1CTMD0025,",,,N",2.71
71,2019-11-01T00:00:00,SNOW,GHCND:US1CTMD0025,",T,,N",0.0
72,2019-11-01T00:00:00,PRCP,GHCND:US1CTMD0026,",,,N",2.67
73,2019-11-01T00:00:00,PRCP,GHCND:US1CTMD0027,",,,N",3.02
74,2019-11-01T00:00:00,PRCP,GHCND:US1CTNH0014,",,,N",2.26
75,2019-11-01T00:00:00,PRCP,GHCND:US1CTNH0016,",,,N",2.14
76,2019-11-01T00:00:00,PRCP,GHCND:US1CTNH0022,",,,N",2.89
77,2019-11-01T00:00:00,PRCP,GHCND:US1CTNH0039,",,,N",2.19
78,2019-11-01T00:00:00,PRCP,GHCND:US1CTNH0042,",,,N",2.05
79,2019-11-01T00:00:00,PRCP,GHCND:US1CTNH0043,",,,N",2.16
80,2019-11-01T00:00:00,SNOW,GHCND:US1CTNH0043,",,,N",0.0
81,2019-11-01T00:00:00,PRCP,GHCND:US1CTNH0044,",,,N",2.27
82,2019-11-01T00:00:00,PRCP,GHCND:US1CTNH0045,"1,,,N",3.05
83,2019-11-01T00:00:00,SNOW,GHCND:US1CTNH0045,"1,,,N",0.0
84,2019-11-01T00:00:00,PRCP,GHCND:US1CTNH0047,",,,N",2.24
85,2019-11-01T00:00:00,SNOW,GHCND:US1CTNH0047,"2,,,N",0.0
86,2019-11-01T00:00:00,PRCP,GHCND:US1CTNH0050,",,,N",2.35
87,2019-11-01T00:00:00,PRCP,GHCND:US1CTNH0057,",,,N",2.4
88,2019-11-01T00:00:00,SNOW,GHCND:US1CTNH0057,",T,,N",0.0
89,2019-11-01T00:00:00,PRCP,GHCND:US1CTNL0005,",a,,N",4.16
90,2019-11-01T00:00:00,PRCP,GHCND:US1CTNL0006,",,,N",3.48
91,2019-11-01T00:00:00,SNOW,GHCND:US1CTNL0006,",T,,N",0.0
92,2019-11-01T00:00:00,PRCP,GHCND:US1CTNL0010,",,,N",3.96
93,2019-11-01T00:00:00,SNOW,GHCND:US1CTNL0010,",T,,N",0.0
94,2019-11-01T00:00:00,PRCP,GHCND:US1CTNL0018,",,,N",3.35
95,2019-11-01T00:00:00,PRCP,GHCND:US1CTNL0019,",a,,N",3.09
96,2019-11-01T00:00:00,SNOW,GHCND:US1CTNL0019,"5,T,,N",0.0
97,2019-11-01T00:00:00,PRCP,GHCND:US1CTNL0021,",,,N",3.5
98,2019-11-01T00:00:00,SNOW,GHCND:US1CTNL0021,",,,N",0.0
99,2019-11-01T00:00:00,PRCP,GHCND:US1CTNL0022,",,,N",2.93
100,2019-11-01T00:00:00,SNOW,GHCND:US1CTNL0022,"5,T,,N",0.0
101,2019-11-01T00:00:00,PRCP,GHCND:US1CTNL0024,",,,N",3.51
102,2019-11-01T00:00:00,SNOW,GHCND:US1CTNL0024,",T,,N",0.0
103,2019-11-01T00:00:00,PRCP,GHCND:US1CTNL0029,",,,N",3.33
104,2019-11-01T00:00:00,SNOW,GHCND:US1CTNL0029,",T,,N",0.0
105,2019-11-01T00:00:00,PRCP,GHCND:US1CTNL0032,",,,N",2.78
106,2019-11-01T00:00:00,SNOW,GHCND:US1CTNL0032,",T,,N",0.0
107,2019-11-01T00:00:00,PRCP,GHCND:US1CTNL0037,",a,,N",3.56
108,2019-11-01T00:00:00,PRCP,GHCND:US1CTNL0038,",,,N",3.13
109,2019-11-01T00:00:00,PRCP,GHCND:US1CTNL0040,",a,,N",3.78
110,2019-11-01T00:00:00,SNOW,GHCND:US1CTNL0040,"2,T,,N",0.0
111,2019-11-01T00:00:00,PRCP,GHCND:US1CTNL0046,",a,,N",3.76
112,2019-11-01T00:00:00,PRCP,GHCND:US1CTTL0015,",,,N",4.64
113,2019-11-01T00:00:00,PRCP,GHCND:US1CTTL0018,",,,N",4.29
114,2019-11-01T00:00:00,SNOW,GHCND:US1CTTL0018,",,,N",0.0
115,2019-11-01T00:00:00,PRCP,GHCND:US1CTTL0019,"5,,,N",3.98
116,2019-11-01T00:00:00,PRCP,GHCND:US1CTTL0024,",,,N",4.19
117,2019-11-01T00:00:00,PRCP,GHCND:US1CTTL0026,"2,a,,N",3.1
118,2019-11-01T00:00:00,PRCP,GHCND:US1CTTL0027,",,,N",3.69
119,2019-11-01T00:00:00,SNOW,GHCND:US1CTTL0027,",T,,N",0.0
120,2019-11-01T00:00:00,PRCP,GHCND:US1CTTL0030,",,,N",3.68
121,2019-11-01T00:00:00,PRCP,GHCND:US1CTWN0004,",,,N",3.48
122,2019-11-01T00:00:00,SNOW,GHCND:US1CTWN0004,"1,T,,N",0.0
123,2019-11-01T00:00:00,PRCP,GHCND:US1CTWN0008,",,,N",3.99
124,2019-11-01T00:00:00,SNOW,GHCND:US1CTWN0008,",,,N",0.1
125,2019-11-01T00:00:00,PRCP,GHCND:US1CTWN0010,"3,,,N",3.39
126,2019-11-01T00:00:00,SNOW,GHCND:US1CTWN0010,"3,,,N",0.0
127,2019-11-01T00:00:00,PRCP,GHCND:US1CTWN0012,"2,,,N",4.11
128,2019-11-01T00:00:00,EMNT,GHCND:USC00060128,"1,7,14,",16.0
129,2019-11-01T00:00:00,EMXT,GHCND:USC00060128,"1,7,01,",70.0
130,2019-11-01T00:00:00,PRCP,GHCND:USC00060128,",,,7",2.41
131,2019-11-01T00:00:00,SNOW,GHCND:USC00060128,",,,7",0.0
132,2019-11-01T00:00:00,TAVG,GHCND:USC00060128,"1,7",38.1
133,2019-11-01T00:00:00,TMAX,GHCND:USC00060128,"1,,,7",48.8
134,2019-11-01T00:00:00,TMIN,GHCND:USC00060128,"1,,,7",27.5
135,2019-11-01T00:00:00,EMNT,GHCND:USC00060227,",7,14,",11.0
136,2019-11-01T00:00:00,EMXT,GHCND:USC00060227,",7,01,",69.0
137,2019-11-01T00:00:00,PRCP,GHCND:USC00060227,",,,7",3.65
138,2019-11-01T00:00:00,SNOW,GHCND:USC00060227,",T,,7",0.0
139,2019-11-01T00:00:00,TAVG,GHCND:USC00060227,",7",35.4
140,2019-11-01T00:00:00,TMAX,GHCND:USC00060227,",,,7",45.5
141,2019-11-01T00:00:00,TMIN,GHCND:USC00060227,",,,7",25.3
142,2019-11-01T00:00:00,EMNT,GHCND:USC00060299,",7,29,",8.0
143,2019-11-01T00:00:00,EMXT,GHCND:USC00060299,",7,01,",68.0
144,2019-11-01T00:00:00,PRCP,GHCND:USC00060299,",,,7",3.35
145,2019-11-01T00:00:00,SNOW,GHCND:USC00060299,",,,7",0.0
146,2019-11-01T00:00:00,TAVG,GHCND:USC00060299,",7",35.1
147,2019-11-01T00:00:00,TMAX,GHCND:USC00060299,",,,7",46.0
148,2019-11-01T00:00:00,TMIN,GHCND:USC00060299,",,,7",24.3
149,2019-11-01T00:00:00,EMNT,GHCND:USC00060973,",7,14,",6.0
150,2019-11-01T00:00:00,EMXT,GHCND:USC00060973,",7,01,",70.0
151,2019-11-01T00:00:00,PRCP,GHCND:USC00060973,",,,7",3.79
152,2019-11-01T00:00:00,SNOW,GHCND:USC00060973,",,,7",0.0
153,2019-11-01T00:00:00,TAVG,GHCND:USC00060973,",7",35.5
154,2019-11-01T00:00:00,TMAX,GHCND:USC00060973,",,,7",47.7
155,2019-11-01T00:00:00,TMIN,GHCND:USC00060973,",,,7",23.2
156,2019-11-01T00:00:00,EMNT,GHCND:USC00061762,",7,14,",17.0
157,2019-11-01T00:00:00,EMXT,GHCND:USC00061762,",7,01,",69.0
158,2019-11-01T00:00:00,PRCP,GHCND:USC00061762,",,,7",2.79
159,2019-11-01T00:00:00,SNOW,GHCND:USC00061762,",,,7",0.0
160,2019-11-01T00:00:00,TAVG,GHCND:USC00061762,",7",39.0
161,2019-11-01T00:00:00,TMAX,GHCND:USC00061762,",,,7",48.2
162,2019-11-01T00:00:00,TMIN,GHCND:USC00061762,",,,7",29.7
163,2019-11-01T00:00:00,EMNT,GHCND:USC00063207,",7,13,",20.0
164,2019-11-01T00:00:00,EMXT,GHCND:USC00063207,",7,01,",70.0
165,2019-11-01T00:00:00,PRCP,GHCND:USC00063207,",,,7",3.41
166,2019-11-01T00:00:00,SNOW,GHCND:USC00063207,",,,7",0.0
167,2019-11-01T00:00:00,TAVG,GHCND:USC00063207,",7",42.1
168,2019-11-01T00:00:00,TMAX,GHCND:USC00063207,",,,7",51.0
169,2019-11-01T00:00:00,TMIN,GHCND:USC00063207,",,,7",33.2
170,2019-11-01T00:00:00,EMNT,GHCND:USC00063210,",7,14,",18.0
171,2019-11-01T00:00:00,EMXT,GHCND:USC00063210,",7,01,",70.0
172,2019-11-01T00:00:00,PRCP,GHCND:USC00063210,",,,7",1.98
173,2019-11-01T00:00:00,SNOW,GHCND:USC00063210,",T,,7",0.0
174,2019-11-01T00:00:00,TAVG,GHCND:USC00063210,",7",40.1
175,2019-11-01T00:00:00,TMAX,GHCND:USC00063210,",,,7",51.6
176,2019-11-01T00:00:00,TMIN,GHCND:USC00063210,",,,7",28.7
177,2019-11-01T00:00:00,EMNT,GHCND:USC00063420,",7,15,+",13.0
178,2019-11-01T00:00:00,EMXT,GHCND:USC00063420,",7,01,",70.0
179,2019-11-01T00:00:00,PRCP,GHCND:USC00063420,",a,,7",4.1
180,2019-11-01T00:00:00,SNOW,GHCND:USC00063420,",,,7",0.0
181,2019-11-01T00:00:00,TAVG,GHCND:USC00063420,",7",37.9
182,2019-11-01T00:00:00,TMAX,GHCND:USC00063420,",,,7",47.9
183,2019-11-01T00:00:00,TMIN,GHCND:USC00063420,",,,7",28.0
184,2019-11-01T00:00:00,EMNT,GHCND:USC00065445,",7,14,+",10.0
185,2019-11-01T00:00:00,EMXT,GHCND:USC00065445,",7,01,",67.0
186,2019-11-01T00:00:00,PRCP,GHCND:USC00065445,",,,7",4.31
187,2019-11-01T00:00:00,SNOW,GHCND:USC00065445,",,,7",5.2
188,2019-11-01T00:00:00,TAVG,GHCND:USC00065445,",7",33.3
189,2019-11-01T00:00:00,TMAX,GHCND:USC00065445,",,,7",40.8
190,2019-11-01T00:00:00,TMIN,GHCND:USC00065445,",,,7",25.7
191,2019-11-01T00:00:00,EMNT,GHCND:USC00065910,",7,15,+",19.0
192,2019-11-01T00:00:00,EMXT,GHCND:USC00065910,",7,01,",71.0
193,2019-11-01T00:00:00,PRCP,GHCND:USC00065910,",,,7",3.11
194,2019-11-01T00:00:00,SNOW,GHCND:USC00065910,",,,7",0.0
195,2019-11-01T00:00:00,TAVG,GHCND:USC00065910,",7",40.7
196,2019-11-01T00:00:00,TMAX,GHCND:USC00065910,",,,7",49.8
197,2019-11-01T00:00:00,TMIN,GHCND:USC00065910,",,,7",31.5
198,2019-11-01T00:00:00,PRCP,GHCND:USC00066655,"1,,,7",1.97
199,2019-11-01T00:00:00,PRCP,GHCND:USC00067432,"2,a,,7",2.95
200,2019-11-01T00:00:00,EMNT,GHCND:USC00067958,",7,15,+",13.0
201,2019-11-01T00:00:00,EMXT,GHCND:USC00067958,",7,01,",69.0
202,2019-11-01T00:00:00,PRCP,GHCND:USC00067958,",,,7",4.24
203,2019-11-01T00:00:00,SNOW,GHCND:USC00067958,",,,7",1.0
204,2019-11-01T00:00:00,TAVG,GHCND:USC00067958,",7",35.8
205,2019-11-01T00:00:00,TMAX,GHCND:USC00067958,",,,7",45.6
206,2019-11-01T00:00:00,TMIN,GHCND:USC00067958,",,,7",26.0
207,2019-11-01T00:00:00,EMNT,GHCND:USC00067970,",7,09,",19.0
208,2019-11-01T00:00:00,EMXT,GHCND:USC00067970,",7,01,",69.0
209,2019-11-01T00:00:00,TAVG,GHCND:USC00067970,",7",40.6
210,2019-11-01T00:00:00,TMAX,GHCND:USC00067970,",,,7",50.0
211,2019-11-01T00:00:00,TMIN,GHCND:USC00067970,",,,7",31.2
212,2019-11-01T00:00:00,EMNT,GHCND:USC00068138,",7,14,",13.0
213,2019-11-01T00:00:00,EMXT,GHCND:USC00068138,",7,01,",69.0
214,2019-11-01T00:00:00,PRCP,GHCND:USC00068138,",,,7",3.37
215,2019-11-01T00:00:00,SNOW,GHCND:USC00068138,",,,7",0.0
216,2019-11-01T00:00:00,TAVG,GHCND:USC00068138,",7",37.7
217,2019-11-01T00:00:00,TMAX,GHCND:USC00068138,",,,7",46.1
218,2019-11-01T00:00:00,TMIN,GHCND:USC00068138,",,,7",29.4
219,2019-11-01T00:00:00,PRCP,GHCND:USC00068330,"5,,,7",3.1
220,2019-11-01T00:00:00,SNOW,GHCND:USC00068330,"5,,,7",0.0
221,2019-11-01T00:00:00,EMNT,GHCND:USC00069388,",7,15,+",12.0
222,2019-11-01T00:00:00,EMXT,GHCND:USC00069388,",7,01,",70.0
223,2019-11-01T00:00:00,PRCP,GHCND:USC00069388,",,,7",4.47
224,2019-11-01T00:00:00,SNOW,GHCND:USC00069388,",,,7",0.0
225,2019-11-01T00:00:00,TAVG,GHCND:USC00069388,",7",37.2
226,2019-11-01T00:00:00,TMAX,GHCND:USC00069388,",,,7",46.4
227,2019-11-01T00:00:00,TMIN,GHCND:USC00069388,",,,7",27.9
228,2019-11-01T00:00:00,EMNT,GHCND:USW00014707,",W,14,+",20.0
229,2019-11-01T00:00:00,EMXT,GHCND:USW00014707,",W,01,",71.0
230,2019-11-01T00:00:00,PRCP,GHCND:USW00014707,",,,W",2.6
231,2019-11-01T00:00:00,TAVG,GHCND:USW00014707,",W",41.3
232,2019-11-01T00:00:00,TMAX,GHCND:USW00014707,",,,W",50.9
233,2019-11-01T00:00:00,TMIN,GHCND:USW00014707,",,,W",31.7
234,2019-11-01T00:00:00,EMNT,GHCND:USW00014740,",W,14,",15.0
235,2019-11-01T00:00:00,EMXT,GHCND:USW00014740,",W,01,",74.0
236,2019-11-01T00:00:00,PRCP,GHCND:USW00014740,",,,W",2.19
237,2019-11-01T00:00:00,SNOW,GHCND:USW00014740,",T,,W",0.0
238,2019-11-01T00:00:00,TAVG,GHCND:USW00014740,",W",40.2
239,2019-11-01T00:00:00,TMAX,GHCND:USW00014740,",,,W",49.8
240,2019-11-01T00:00:00,TMIN,GHCND:USW00014740,",,,W",30.6
241,2019-11-01T00:00:00,EMNT,GHCND:USW00014752,",W,14,",17.0
242,2019-11-01T00:00:00,EMXT,GHCND:USW00014752,",W,01,",73.0
243,2019-11-01T00:00:00,PRCP,GHCND:USW00014752,",,,W",2.37
244,2019-11-01T00:00:00,TAVG,GHCND:USW00014752,",W",39.6
245,2019-11-01T00:00:00,TMAX,GHCND:USW00014752,",,,W",48.8
246,2019-11-01T00:00:00,TMIN,GHCND:USW00014752,",,,W",30.3
247,2019-11-01T00:00:00,EMNT,GHCND:USW00014758,"1,W,14,",20.0
248,2019-11-01T00:00:00,EMXT,GHCND:USW00014758,"2,W,01,",73.0
249,2019-11-01T00:00:00,PRCP,GHCND:USW00014758,"1,,,W",1.33
250,2019-11-01T00:00:00,TAVG,GHCND:USW00014758,"2,W",42.9
251,2019-11-01T00:00:00,TMAX,GHCND:USW00014758,"2,,,W",52.1
252,2019-11-01T00:00:00,TMIN,GHCND:USW00014758,"1,,,W",33.8
253,2019-11-01T00:00:00,EMNT,GHCND:USW00054734,",W,09,",15.0
254,2019-11-01T00:00:00,EMXT,GHCND:USW00054734,",W,01,",69.0
255,2019-11-01T00:00:00,PRCP,GHCND:USW00054734,",,,W",2.04
256,2019-11-01T00:00:00,TAVG,GHCND:USW00054734,",W",37.3
257,2019-11-01T00:00:00,TMAX,GHCND:USW00054734,",,,W",47.3
258,2019-11-01T00:00:00,TMIN,GHCND:USW00054734,",,,W",27.2
259,2019-11-01T00:00:00,EMNT,GHCND:USW00054767,",W,14,",14.0
260,2019-11-01T00:00:00,EMXT,GHCND:USW00054767,",W,01,",72.0
261,2019-11-01T00:00:00,PRCP,GHCND:USW00054767,",,,W",2.7
262,2019-11-01T00:00:00,TAVG,GHCND:USW00054767,",W",37.7
263,2019-11-01T00:00:00,TMAX,GHCND:USW00054767,",,,W",48.2
264,2019-11-01T00:00:00,TMIN,GHCND:USW00054767,",,,W",27.3
265,2019-11-01T00:00:00,EMNT,GHCND:USW00054788,",W,14,+",16.0
266,2019-11-01T00:00:00,EMXT,GHCND:USW00054788,",W,01,",71.0
267,2019-11-01T00:00:00,PRCP,GHCND:USW00054788,",,,W",1.65
268,2019-11-01T00:00:00,TAVG,GHCND:USW00054788,",W",38.2
269,2019-11-01T00:00:00,TMAX,GHCND:USW00054788,",,,W",48.1
270,2019-11-01T00:00:00,TMIN,GHCND:USW00054788,",,,W",28.2
271,2019-11-01T00:00:00,EMNT,GHCND:USW00094702,",W,13,+",22.0
272,2019-11-01T00:00:00,EMXT,GHCND:USW00094702,",W,01,",71.0
273,2019-11-01T00:00:00,PRCP,GHCND:USW00094702,",,,W",1.08
274,2019-11-01T00:00:00,SNOW,GHCND:USW00094702,",T,,W",0.0
275,2019-11-01T00:00:00,TAVG,GHCND:USW00094702,",W",42.1
276,2019-11-01T00:00:00,TMAX,GHCND:USW00094702,",,,W",50.3
277,2019-11-01T00:00:00,TMIN,GHCND:USW00094702,",,,W",33.9
278,2019-12-01T00:00:00,PRCP,GHCND:US1CTFR0003,",,,N",7.33
279,2019-12-01T00:00:00,SNOW,GHCND:US1CTFR0003,",,,N",5.5
280,2019-12-01T00:00:00,PRCP,GHCND:US1CTFR0009,",,,N",6.57
281,2019-12-01T00:00:00,SNOW,GHCND:US1CTFR0009,",,,N",7.8
282,2019-12-01T00:00:00,PRCP,GHCND:US1CTFR0020,",,,N",7.22
283,2019-12-01T00:00:00,PRCP,GHCND:US1CTFR0023,",,,N",7.47
284,2019-12-01T00:00:00,SNOW,GHCND:US1CTFR0023,",,,N",7.7
285,2019-12-01T00:00:00,PRCP,GHCND:US1CTFR0025,",,,N",7.36
286,2019-12-01T00:00:00,SNOW,GHCND:US1CTFR0025,",,,N",4.7
287,2019-12-01T00:00:00,PRCP,GHCND:US1CTFR0026,"2,,,N",6.41
288,2019-12-01T00:00:00,PRCP,GHCND:US1CTFR0029,",a,,N",7.08
289,2019-12-01T00:00:00,SNOW,GHCND:US1CTFR0029,"3,,,N",4.5
290,2019-12-01T00:00:00,PRCP,GHCND:US1CTFR0031,"3,a,,N",5.72
291,2019-12-01T00:00:00,PRCP,GHCND:US1CTFR0032,",,,N",6.96
292,2019-12-01T00:00:00,PRCP,GHCND:US1CTFR0035,",,,N",7.43
293,2019-12-01T00:00:00,PRCP,GHCND:US1CTFR0039,",a,,N",7.67
294,2019-12-01T00:00:00,PRCP,GHCND:US1CTFR0041,"1,,,N",5.81
295,2019-12-01T00:00:00,SNOW,GHCND:US1CTFR0041,"1,,,N",8.4
296,2019-12-01T00:00:00,PRCP,GHCND:US1CTFR0043,",,,N",6.7
297,2019-12-01T00:00:00,PRCP,GHCND:US1CTFR0046,"1,,,N",7.72
298,2019-12-01T00:00:00,PRCP,GHCND:US1CTFR0050,",,,N",7.52
299,2019-12-01T00:00:00,PRCP,GHCND:US1CTFR0059,",a,,N",6.13
300,2019-12-01T00:00:00,PRCP,GHCND:US1CTFR0060,",a,,N",7.56
301,2019-12-01T00:00:00,PRCP,GHCND:US1CTFR0063,",,,N",7.85
302,2019-12-01T00:00:00,PRCP,GHCND:US1CTFR0064,"1,a,,N",5.41
303,2019-12-01T00:00:00,PRCP,GHCND:US1CTFR0065,"4,,,N",7.15
304,2019-12-01T00:00:00,PRCP,GHCND:US1CTHR0005,"1,,,N",7.84
305,2019-12-01T00:00:00,PRCP,GHCND:US1CTHR0006,",,,N",7.09
306,2019-12-01T00:00:00,PRCP,GHCND:US1CTHR0007,",,,N",7.3
307,2019-12-01T00:00:00,PRCP,GHCND:US1CTHR0008,",,,N",7.82
308,2019-12-01T00:00:00,SNOW,GHCND:US1CTHR0008,",,,N",19.7
309,2019-12-01T00:00:00,PRCP,GHCND:US1CTHR0015,",,,N",8.27
310,2019-12-01T00:00:00,SNOW,GHCND:US1CTHR0015,",,,N",14.0
311,2019-12-01T00:00:00,PRCP,GHCND:US1CTHR0022,",,,N",8.0
312,2019-12-01T00:00:00,SNOW,GHCND:US1CTHR0022,",,,N",13.2
313,2019-12-01T00:00:00,PRCP,GHCND:US1CTHR0023,",a,,N",7.7
314,2019-12-01T00:00:00,PRCP,GHCND:US1CTHR0028,",,,N",8.24
315,2019-12-01T00:00:00,PRCP,GHCND:US1CTHR0049,"2,,,N",7.03
316,2019-12-01T00:00:00,PRCP,GHCND:US1CTHR0055,"2,a,,N",7.49
317,2019-12-01T00:00:00,PRCP,GHCND:US1CTHR0057,",,,N",7.95
318,2019-12-01T00:00:00,SNOW,GHCND:US1CTHR0057,"3,,,N",4.9
319,2019-12-01T00:00:00,PRCP,GHCND:US1CTHR0063,"2,,,N",7.37
320,2019-12-01T00:00:00,SNOW,GHCND:US1CTHR0063,"2,,,N",18.1
321,2019-12-01T00:00:00,PRCP,GHCND:US1CTHR0065,",,,N",7.04
322,2019-12-01T00:00:00,SNOW,GHCND:US1CTHR0065,"5,,,N",13.2
323,2019-12-01T00:00:00,PRCP,GHCND:US1CTHR0068,",,,N",7.15
324,2019-12-01T00:00:00,PRCP,GHCND:US1CTHR0071,"1,,,N",6.78
325,2019-12-01T00:00:00,PRCP,GHCND:US1CTHR0076,"1,,,N",7.12
326,2019-12-01T00:00:00,PRCP,GHCND:US1CTHR0080,"2,,,N",7.69
327,2019-12-01T00:00:00,PRCP,GHCND:US1CTHR0082,",,,N",7.47
328,2019-12-01T00:00:00,PRCP,GHCND:US1CTHR0083,"4,,,N",6.03
329,2019-12-01T00:00:00,PRCP,GHCND:US1CTHR0085,",,,N",7.68
330,2019-12-01T00:00:00,PRCP,GHCND:US1CTLT0007,"4,a,,N",5.83
331,2019-12-01T00:00:00,PRCP,GHCND:US1CTLT0015,"1,,,N",7.74
332,2019-12-01T00:00:00,SNOW,GHCND:US1CTLT0015,"1,,,N",20.2
333,2019-12-01T00:00:00,PRCP,GHCND:US1CTLT0018,",,,N",7.43
334,2019-12-01T00:00:00,PRCP,GHCND:US1CTLT0020,",,,N",6.38
335,2019-12-01T00:00:00,PRCP,GHCND:US1CTLT0022,",,,N",6.58
336,2019-12-01T00:00:00,SNOW,GHCND:US1CTLT0022,",,,N",10.4
337,2019-12-01T00:00:00,PRCP,GHCND:US1CTLT0028,"2,,,N",4.55
338,2019-12-01T00:00:00,SNOW,GHCND:US1CTLT0028,"5,,,N",14.4
339,2019-12-01T00:00:00,PRCP,GHCND:US1CTMD0018,"1,,,N",7.67
340,2019-12-01T00:00:00,PRCP,GHCND:US1CTMD0019,"5,,,N",6.56
341,2019-12-01T00:00:00,PRCP,GHCND:US1CTMD0021,",,,N",7.96
342,2019-12-01T00:00:00,SNOW,GHCND:US1CTMD0021,",,,N",7.2
343,2019-12-01T00:00:00,PRCP,GHCND:US1CTMD0023,",,,N",9.04
344,2019-12-01T00:00:00,SNOW,GHCND:US1CTMD0023,",,,N",8.4
345,2019-12-01T00:00:00,PRCP,GHCND:US1CTMD0024,"3,,,N",7.67
346,2019-12-01T00:00:00,PRCP,GHCND:US1CTMD0025,",,,N",8.63
347,2019-12-01T00:00:00,SNOW,GHCND:US1CTMD0025,"1,,,N",9.7
348,2019-12-01T00:00:00,PRCP,GHCND:US1CTMD0026,"3,,,N",7.15
349,2019-12-01T00:00:00,PRCP,GHCND:US1CTMD0027,",,,N",8.32
350,2019-12-01T00:00:00,PRCP,GHCND:US1CTNH0016,"3,,,N",6.35
351,2019-12-01T00:00:00,PRCP,GHCND:US1CTNH0022,",,,N",6.23
352,2019-12-01T00:00:00,PRCP,GHCND:US1CTNH0042,",a,,N",7.93
353,2019-12-01T00:00:00,PRCP,GHCND:US1CTNH0043,",,,N",8.34
354,2019-12-01T00:00:00,SNOW,GHCND:US1CTNH0043,"3,,,N",5.6
355,2019-12-01T00:00:00,PRCP,GHCND:US1CTNH0044,",,,N",8.25
356,2019-12-01T00:00:00,PRCP,GHCND:US1CTNH0045,",,,N",5.94
357,2019-12-01T00:00:00,SNOW,GHCND:US1CTNH0045,",,,N",8.7
358,2019-12-01T00:00:00,PRCP,GHCND:US1CTNH0047,",,,N",6.3
359,2019-12-01T00:00:00,SNOW,GHCND:US1CTNH0047,"1,,,N",7.0
360,2019-12-01T00:00:00,PRCP,GHCND:US1CTNH0050,",a,,N",8.5
361,2019-12-01T00:00:00,PRCP,GHCND:US1CTNL0005,"1,a,,N",8.94
362,2019-12-01T00:00:00,PRCP,GHCND:US1CTNL0006,",,,N",6.99
363,2019-12-01T00:00:00,SNOW,GHCND:US1CTNL0006,",,,N",4.9
364,2019-12-01T00:00:00,PRCP,GHCND:US1CTNL0010,",,,N",8.28
365,2019-12-01T00:00:00,SNOW,GHCND:US1CTNL0010,",,,N",11.7
366,2019-12-01T00:00:00,PRCP,GHCND:US1CTNL0018,",,,N",6.91
367,2019-12-01T00:00:00,SNOW,GHCND:US1CTNL0018,",,,N",5.7
368,2019-12-01T00:00:00,PRCP,GHCND:US1CTNL0019,",,,N",5.7
369,2019-12-01T00:00:00,SNOW,GHCND:US1CTNL0019,",,,N",4.4
370,2019-12-01T00:00:00,PRCP,GHCND:US1CTNL0021,",,,N",7.46
371,2019-12-01T00:00:00,SNOW,GHCND:US1CTNL0021,"2,,,N",6.2
372,2019-12-01T00:00:00,PRCP,GHCND:US1CTNL0022,",,,N",6.38
373,2019-12-01T00:00:00,SNOW,GHCND:US1CTNL0022,",,,N",5.4
374,2019-12-01T00:00:00,PRCP,GHCND:US1CTNL0024,",,,N",7.06
375,2019-12-01T00:00:00,SNOW,GHCND:US1CTNL0024,",,,N",6.7
376,2019-12-01T00:00:00,PRCP,GHCND:US1CTNL0029,",,,N",7.7
377,2019-12-01T00:00:00,SNOW,GHCND:US1CTNL0029,",,,N",3.8
378,2019-12-01T00:00:00,PRCP,GHCND:US1CTNL0032,",,,N",6.22
379,2019-12-01T00:00:00,SNOW,GHCND:US1CTNL0032,",,,N",4.7
380,2019-12-01T00:00:00,PRCP,GHCND:US1CTNL0037,",a,,N",6.82
381,2019-12-01T00:00:00,PRCP,GHCND:US1CTNL0038,",,,N",6.85
382,2019-12-01T00:00:00,PRCP,GHCND:US1CTNL0040,",,,N",7.34
383,2019-12-01T00:00:00,SNOW,GHCND:US1CTNL0040,",,,N",7.7
384,2019-12-01T00:00:00,PRCP,GHCND:US1CTTL0015,",,,N",7.28
385,2019-12-01T00:00:00,SNOW,GHCND:US1CTTL0015,"4,,,N",24.1
386,2019-12-01T00:00:00,PRCP,GHCND:US1CTTL0018,",,,N",6.72
387,2019-12-01T00:00:00,SNOW,GHCND:US1CTTL0018,"2,,,N",9.7
388,2019-12-01T00:00:00,PRCP,GHCND:US1CTTL0024,",,,N",5.41
389,2019-12-01T00:00:00,SNOW,GHCND:US1CTTL0024,"4,,,N",20.5
390,2019-12-01T00:00:00,PRCP,GHCND:US1CTTL0026,",,,N",6.67
391,2019-12-01T00:00:00,PRCP,GHCND:US1CTTL0027,",,,N",7.53
392,2019-12-01T00:00:00,SNOW,GHCND:US1CTTL0027,",,,N",14.8
393,2019-12-01T00:00:00,PRCP,GHCND:US1CTTL0028,",a,,N",7.11
394,2019-12-01T00:00:00,PRCP,GHCND:US1CTTL0030,",,,N",6.6
395,2019-12-01T00:00:00,PRCP,GHCND:US1CTWN0004,",,,N",7.06
396,2019-12-01T00:00:00,SNOW,GHCND:US1CTWN0004,",,,N",14.4
397,2019-12-01T00:00:00,PRCP,GHCND:US1CTWN0008,"1,,,N",7.59
398,2019-12-01T00:00:00,SNOW,GHCND:US1CTWN0008,"4,,,N",15.1
399,2019-12-01T00:00:00,PRCP,GHCND:US1CTWN0010,",,,N",7.07
400,2019-12-01T00:00:00,SNOW,GHCND:US1CTWN0010,"4,,,N",10.7
401,2019-12-01T00:00:00,PRCP,GHCND:US1CTWN0012,"2,,,N",7.06
402,2019-12-01T00:00:00,PRCP,GHCND:USC00060128,",,,7",2.83
403,2019-12-01T00:00:00,SNOW,GHCND:USC00060128,"2,,,7",2.0
404,2019-12-01T00:00:00,EMNT,GHCND:USC00060227,",7,08,",3.0
405,2019-12-01T00:00:00,EMXT,GHCND:USC00060227,",7,24,",52.0
406,2019-12-01T00:00:00,PRCP,GHCND:USC00060227,",,,7",8.3
407,2019-12-01T00:00:00,SNOW,GHCND:USC00060227,",,,7",19.3
408,2019-12-01T00:00:00,TAVG,GHCND:USC00060227,",7",28.6
409,2019-12-01T00:00:00,TMAX,GHCND:USC00060227,",,,7",37.3
410,2019-12-01T00:00:00,TMIN,GHCND:USC00060227,",,,7",19.9
411,2019-12-01T00:00:00,EMNT,GHCND:USC00060299,",7,19,",5.0
412,2019-12-01T00:00:00,EMXT,GHCND:USC00060299,",7,24,",54.0
413,2019-12-01T00:00:00,PRCP,GHCND:USC00060299,",,,7",6.94
414,2019-12-01T00:00:00,SNOW,GHCND:USC00060299,",,,7",18.9
415,2019-12-01T00:00:00,TAVG,GHCND:USC00060299,",7",27.8
416,2019-12-01T00:00:00,TMAX,GHCND:USC00060299,",,,7",37.1
417,2019-12-01T00:00:00,TMIN,GHCND:USC00060299,",,,7",18.6
418,2019-12-01T00:00:00,EMNT,GHCND:USC00060973,",7,19,",-2.0
419,2019-12-01T00:00:00,EMXT,GHCND:USC00060973,",7,24,",57.0
420,2019-12-01T00:00:00,PRCP,GHCND:USC00060973,",,,7",8.07
421,2019-12-01T00:00:00,SNOW,GHCND:USC00060973,",,,7",18.0
422,2019-12-01T00:00:00,TAVG,GHCND:USC00060973,",7",29.0
423,2019-12-01T00:00:00,TMAX,GHCND:USC00060973,",,,7",39.8
424,2019-12-01T00:00:00,TMIN,GHCND:USC00060973,",,,7",18.1
425,2019-12-01T00:00:00,EMNT,GHCND:USC00063210,",7,20,+",13.0
426,2019-12-01T00:00:00,EMXT,GHCND:USC00063210,",7,15,+",55.0
427,2019-12-01T00:00:00,PRCP,GHCND:USC00063210,",,,7",7.78
428,2019-12-01T00:00:00,SNOW,GHCND:USC00063210,",,,7",7.6
429,2019-12-01T00:00:00,TAVG,GHCND:USC00063210,",7",33.4
430,2019-12-01T00:00:00,TMAX,GHCND:USC00063210,",,,7",42.3
431,2019-12-01T00:00:00,TMIN,GHCND:USC00063210,",,,7",24.4
432,2019-12-01T00:00:00,EMNT,GHCND:USC00063420,",7,19,+",8.0
433,2019-12-01T00:00:00,EMXT,GHCND:USC00063420,",7,15,",58.0
434,2019-12-01T00:00:00,PRCP,GHCND:USC00063420,",,,7",6.84
435,2019-12-01T00:00:00,SNOW,GHCND:USC00063420,"1,,,7",15.5
436,2019-12-01T00:00:00,TAVG,GHCND:USC00063420,",7",30.5
437,2019-12-01T00:00:00,TMAX,GHCND:USC00063420,",,,7",40.1
438,2019-12-01T00:00:00,TMIN,GHCND:USC00063420,",,,7",20.9
439,2019-12-01T00:00:00,EMNT,GHCND:USC00065445,",7,20,+",3.0
440,2019-12-01T00:00:00,EMXT,GHCND:USC00065445,",7,15,",50.0
441,2019-12-01T00:00:00,PRCP,GHCND:USC00065445,",,,7",6.83
442,2019-12-01T00:00:00,SNOW,GHCND:USC00065445,",,,7",20.8
443,2019-12-01T00:00:00,TAVG,GHCND:USC00065445,",7",26.9
444,2019-12-01T00:00:00,TMAX,GHCND:USC00065445,",,,7",33.9
445,2019-12-01T00:00:00,TMIN,GHCND:USC00065445,",,,7",20.0
446,2019-12-01T00:00:00,EMNT,GHCND:USC00065910,"1,7,20,+",14.0
447,2019-12-01T00:00:00,EMXT,GHCND:USC00065910,"1,7,15,",60.0
448,2019-12-01T00:00:00,PRCP,GHCND:USC00065910,",,,7",6.52
449,2019-12-01T00:00:00,SNOW,GHCND:USC00065910,"1,,,7",7.5
450,2019-12-01T00:00:00,TAVG,GHCND:USC00065910,"1,7",34.4
451,2019-12-01T00:00:00,TMAX,GHCND:USC00065910,"1,,,7",42.5
452,2019-12-01T00:00:00,TMIN,GHCND:USC00065910,"1,,,7",26.2
453,2019-12-01T00:00:00,PRCP,GHCND:USC00066655,"2,,,7",6.76
454,2019-12-01T00:00:00,PRCP,GHCND:USC00067432,"2,a,,7",7.3
455,2019-12-01T00:00:00,EMNT,GHCND:USC00067958,",7,09,",3.0
456,2019-12-01T00:00:00,EMXT,GHCND:USC00067958,",7,15,",58.0
457,2019-12-01T00:00:00,PRCP,GHCND:USC00067958,",,,7",6.9
458,2019-12-01T00:00:00,SNOW,GHCND:USC00067958,",,,7",21.4
459,2019-12-01T00:00:00,TAVG,GHCND:USC00067958,",7",28.6
460,2019-12-01T00:00:00,TMAX,GHCND:USC00067958,",,,7",37.5
461,2019-12-01T00:00:00,TMIN,GHCND:USC00067958,",,,7",19.7
462,2019-12-01T00:00:00,EMNT,GHCND:USC00067970,",7,20,+",14.0
463,2019-12-01T00:00:00,EMXT,GHCND:USC00067970,",7,10,",57.0
464,2019-12-01T00:00:00,TAVG,GHCND:USC00067970,",7",35.4
465,2019-12-01T00:00:00,TMAX,GHCND:USC00067970,",,,7",42.7
466,2019-12-01T00:00:00,TMIN,GHCND:USC00067970,",,,7",28.1
467,2019-12-01T00:00:00,EMNT,GHCND:USC00068138,",7,19,",7.0
468,2019-12-01T00:00:00,EMXT,GHCND:USC00068138,",7,15,",59.0
469,2019-12-01T00:00:00,PRCP,GHCND:USC00068138,",,,7",7.12
470,2019-12-01T00:00:00,SNOW,GHCND:USC00068138,",,,7",13.6
471,2019-12-01T00:00:00,TAVG,GHCND:USC00068138,",7",30.5
472,2019-12-01T00:00:00,TMAX,GHCND:USC00068138,",,,7",38.1
473,2019-12-01T00:00:00,TMIN,GHCND:USC00068138,",,,7",23.0
474,2019-12-01T00:00:00,PRCP,GHCND:USC00068330,",a,,7",7.39
475,2019-12-01T00:00:00,SNOW,GHCND:USC00068330,"2,,,7",14.0
476,2019-12-01T00:00:00,EMNT,GHCND:USC00069388,",7,08,",5.0
477,2019-12-01T00:00:00,EMXT,GHCND:USC00069388,",7,14,",59.0
478,2019-12-01T00:00:00,PRCP,GHCND:USC00069388,",,,7",6.9
479,2019-12-01T00:00:00,SNOW,GHCND:USC00069388,",,,7",8.6
480,2019-12-01T00:00:00,TAVG,GHCND:USC00069388,",7",30.1
481,2019-12-01T00:00:00,TMAX,GHCND:USC00069388,",,,7",39.1
482,2019-12-01T00:00:00,TMIN,GHCND:USC00069388,",,,7",21.0
483,2019-12-01T00:00:00,EMNT,GHCND:USW00014707,",W,19,",14.0
484,2019-12-01T00:00:00,EMXT,GHCND:USW00014707,",W,14,+",55.0
485,2019-12-01T00:00:00,PRCP,GHCND:USW00014707,",,,W",5.66
486,2019-12-01T00:00:00,TAVG,GHCND:USW00014707,",W",35.1
487,2019-12-01T00:00:00,TMAX,GHCND:USW00014707,",,,W",42.1
488,2019-12-01T00:00:00,TMIN,GHCND:USW00014707,",,,W",28.1
489,2019-12-01T00:00:00,EMNT,GHCND:USW00014740,",W,08,",8.0
490,2019-12-01T00:00:00,EMXT,GHCND:USW00014740,",W,23,",54.0
491,2019-12-01T00:00:00,PRCP,GHCND:USW00014740,",,,W",7.93
492,2019-12-01T00:00:00,SNOW,GHCND:USW00014740,",,,W",22.0
493,2019-12-01T00:00:00,TAVG,GHCND:USW00014740,",W",31.8
494,2019-12-01T00:00:00,TMAX,GHCND:USW00014740,",,,W",39.5
495,2019-12-01T00:00:00,TMIN,GHCND:USW00014740,",,,W",24.1
496,2019-12-01T00:00:00,EMNT,GHCND:USW00014752,",W,19,+",13.0
497,2019-12-01T00:00:00,EMXT,GHCND:USW00014752,",W,14,+",56.0
498,2019-12-01T00:00:00,PRCP,GHCND:USW00014752,",,,W",6.29
499,2019-12-01T00:00:00,TAVG,GHCND:USW00014752,",W",32.8
500,2019-12-01T00:00:00,TMAX,GHCND:USW00014752,",,,W",40.3
501,2019-12-01T00:00:00,TMIN,GHCND:USW00014752,",,,W",25.2
502,2019-12-01T00:00:00,EMNT,GHCND:USW00014758,",W,19,",16.0
503,2019-12-01T00:00:00,EMXT,GHCND:USW00014758,",W,09,",57.0
504,2019-12-01T00:00:00,PRCP,GHCND:USW00014758,",,,W",6.71
505,2019-12-01T00:00:00,TAVG,GHCND:USW00014758,",W",36.3
506,2019-12-01T00:00:00,TMAX,GHCND:USW00014758,",,,W",43.4
507,2019-12-01T00:00:00,TMIN,GHCND:USW00014758,",,,W",29.3
508,2019-12-01T00:00:00,EMNT,GHCND:USW00054734,",W,20,",10.0
509,2019-12-01T00:00:00,EMXT,GHCND:USW00054734,",W,10,",55.0
510,2019-12-01T00:00:00,PRCP,GHCND:USW00054734,",,,W",5.27
511,2019-12-01T00:00:00,TAVG,GHCND:USW00054734,",W",31.6
512,2019-12-01T00:00:00,TMAX,GHCND:USW00054734,",,,W",39.4
513,2019-12-01T00:00:00,TMIN,GHCND:USW00054734,",,,W",23.8
514,2019-12-01T00:00:00,EMNT,GHCND:USW00054767,",W,08,",8.0
515,2019-12-01T00:00:00,EMXT,GHCND:USW00054767,",W,14,",59.0
516,2019-12-01T00:00:00,PRCP,GHCND:USW00054767,",,,W",5.1
517,2019-12-01T00:00:00,TAVG,GHCND:USW00054767,",W",31.7
518,2019-12-01T00:00:00,TMAX,GHCND:USW00054767,",,,W",40.5
519,2019-12-01T00:00:00,TMIN,GHCND:USW00054767,",,,W",23.0
520,2019-12-01T00:00:00,EMNT,GHCND:USW00054788,",W,08,",12.0
521,2019-12-01T00:00:00,EMXT,GHCND:USW00054788,",W,10,+",56.0
522,2019-12-01T00:00:00,PRCP,GHCND:USW00054788,",,,W",7.48
523,2019-12-01T00:00:00,TAVG,GHCND:USW00054788,",W",31.8
524,2019-12-01T00:00:00,TMAX,GHCND:USW00054788,",,,W",39.8
525,2019-12-01T00:00:00,TMIN,GHCND:USW00054788,",,,W",23.8
526,2019-12-01T00:00:00,EMNT,GHCND:USW00094702,",W,19,",16.0
527,2019-12-01T00:00:00,EMXT,GHCND:USW00094702,",W,09,",56.0
528,2019-12-01T00:00:00,PRCP,GHCND:USW00094702,",,,W",7.35
529,2019-12-01T00:00:00,SNOW,GHCND:USW00094702,",,,W",5.6
530,2019-12-01T00:00:00,TAVG,GHCND:USW00094702,",W",36.2
531,2019-12-01T00:00:00,TMAX,GHCND:USW00094702,",,,W",42.5
532,2019-12-01T00:00:00,TMIN,GHCND:USW00094702,",,,W",29.9
533,2020-01-01T00:00:00,PRCP,GHCND:US1CTFR0003,",,,N",2.7
534,2020-01-01T00:00:00,SNOW,GHCND:US1CTFR0003,",,,N",4.2
535,2020-01-01T00:00:00,PRCP,GHCND:US1CTFR0009,",,,N",2.54
536,2020-01-01T00:00:00,SNOW,GHCND:US1CTFR0009,",,,N",3.3
537,2020-01-01T00:00:00,PRCP,GHCND:US1CTFR0020,",,,N",2.35
538,2020-01-01T00:00:00,PRCP,GHCND:US1CTFR0023,",a,,N",2.04
539,2020-01-01T00:00:00,PRCP,GHCND:US1CTFR0025,",,,N",2.56
540,2020-01-01T00:00:00,SNOW,GHCND:US1CTFR0025,",,,N",3.6
541,2020-01-01T00:00:00,PRCP,GHCND:US1CTFR0026,"1,,,N",1.91
542,2020-01-01T00:00:00,PRCP,GHCND:US1CTFR0029,",,,N",2.43
543,2020-01-01T00:00:00,SNOW,GHCND:US1CTFR0029,"2,,,N",3.5
544,2020-01-01T00:00:00,PRCP,GHCND:US1CTFR0031,"1,,,N",2.19
545,2020-01-01T00:00:00,PRCP,GHCND:US1CTFR0032,",,,N",2.49
546,2020-01-01T00:00:00,PRCP,GHCND:US1CTFR0035,"1,,,N",2.56
547,2020-01-01T00:00:00,PRCP,GHCND:US1CTFR0039,"4,,,N",2.66
548,2020-01-01T00:00:00,PRCP,GHCND:US1CTFR0041,",,,N",2.52
549,2020-01-01T00:00:00,SNOW,GHCND:US1CTFR0041,"1,,,N",3.6
550,2020-01-01T00:00:00,PRCP,GHCND:US1CTFR0042,"1,a,,N",2.16
551,2020-01-01T00:00:00,PRCP,GHCND:US1CTFR0043,",,,N",2.31
552,2020-01-01T00:00:00,PRCP,GHCND:US1CTFR0046,"1,,,N",2.12
553,2020-01-01T00:00:00,PRCP,GHCND:US1CTFR0050,",,,N",2.85
554,2020-01-01T00:00:00,PRCP,GHCND:US1CTFR0057,"1,,,N",1.19
555,2020-01-01T00:00:00,PRCP,GHCND:US1CTFR0058,",a,,N",2.26
556,2020-01-01T00:00:00,PRCP,GHCND:US1CTFR0059,"1,,,N",1.81
557,2020-01-01T00:00:00,SNOW,GHCND:US1CTFR0059,",,,N",0.3
558,2020-01-01T00:00:00,PRCP,GHCND:US1CTFR0060,",,,N",2.36
559,2020-01-01T00:00:00,PRCP,GHCND:US1CTFR0063,",,,N",2.64
560,2020-01-01T00:00:00,PRCP,GHCND:US1CTFR0064,"1,,,N",1.79
561,2020-01-01T00:00:00,PRCP,GHCND:US1CTFR0065,"3,,,N",2.62
562,2020-01-01T00:00:00,PRCP,GHCND:US1CTFR0066,"4,,,N",2.5
563,2020-01-01T00:00:00,PRCP,GHCND:US1CTHR0005,",,,N",1.48
564,2020-01-01T00:00:00,PRCP,GHCND:US1CTHR0006,",,,N",2.13
565,2020-01-01T00:00:00,PRCP,GHCND:US1CTHR0007,",a,,N",2.06
566,2020-01-01T00:00:00,PRCP,GHCND:US1CTHR0008,",,,N",2.22
567,2020-01-01T00:00:00,SNOW,GHCND:US1CTHR0008,",,,N",3.8
568,2020-01-01T00:00:00,PRCP,GHCND:US1CTHR0015,",,,N",3.25
569,2020-01-01T00:00:00,SNOW,GHCND:US1CTHR0015,",,,N",4.9
570,2020-01-01T00:00:00,PRCP,GHCND:US1CTHR0022,",,,N",1.83
571,2020-01-01T00:00:00,SNOW,GHCND:US1CTHR0022,",,,N",3.4
572,2020-01-01T00:00:00,PRCP,GHCND:US1CTHR0023,",a,,N",2.99
573,2020-01-01T00:00:00,PRCP,GHCND:US1CTHR0028,",,,N",2.19
574,2020-01-01T00:00:00,SNOW,GHCND:US1CTHR0028,"5,,,N",3.6
575,2020-01-01T00:00:00,PRCP,GHCND:US1CTHR0039,"2,a,,N",2.39
576,2020-01-01T00:00:00,PRCP,GHCND:US1CTHR0049,",,,N",1.86
577,2020-01-01T00:00:00,PRCP,GHCND:US1CTHR0053,"2,a,,N",1.79
578,2020-01-01T00:00:00,PRCP,GHCND:US1CTHR0055,"1,a,,N",3.05
579,2020-01-01T00:00:00,PRCP,GHCND:US1CTHR0057,",,,N",1.64
580,2020-01-01T00:00:00,SNOW,GHCND:US1CTHR0057,"1,,,N",3.3
581,2020-01-01T00:00:00,PRCP,GHCND:US1CTHR0063,"1,,,N",2.04
582,2020-01-01T00:00:00,SNOW,GHCND:US1CTHR0063,"1,,,N",3.7
583,2020-01-01T00:00:00,PRCP,GHCND:US1CTHR0065,",,,N",2.41
584,2020-01-01T00:00:00,SNOW,GHCND:US1CTHR0065,",,,N",4.1
585,2020-01-01T00:00:00,PRCP,GHCND:US1CTHR0068,",,,N",2.27
586,2020-01-01T00:00:00,PRCP,GHCND:US1CTHR0071,",,,N",2.85
587,2020-01-01T00:00:00,PRCP,GHCND:US1CTHR0076,",,,N",2.43
588,2020-01-01T00:00:00,PRCP,GHCND:US1CTHR0080,",,,N",2.91
589,2020-01-01T00:00:00,PRCP,GHCND:US1CTHR0082,",,,N",1.95
590,2020-01-01T00:00:00,PRCP,GHCND:US1CTHR0083,"2,,,N",2.38
591,2020-01-01T00:00:00,PRCP,GHCND:US1CTHR0085,",,,N",1.52
592,2020-01-01T00:00:00,PRCP,GHCND:US1CTLT0015,",,,N",1.92
593,2020-01-01T00:00:00,SNOW,GHCND:US1CTLT0015,",,,N",4.7
594,2020-01-01T00:00:00,PRCP,GHCND:US1CTLT0018,",,,N",2.12
595,2020-01-01T00:00:00,PRCP,GHCND:US1CTLT0020,",,,N",2.21
596,2020-01-01T00:00:00,PRCP,GHCND:US1CTLT0022,"1,,,N",2.57
597,2020-01-01T00:00:00,SNOW,GHCND:US1CTLT0022,"1,,,N",3.6
598,2020-01-01T00:00:00,PRCP,GHCND:US1CTLT0028,",,,N",1.69
599,2020-01-01T00:00:00,PRCP,GHCND:US1CTMD0018,",,,N",2.14
600,2020-01-01T00:00:00,PRCP,GHCND:US1CTMD0019,"2,,,N",2.94
601,2020-01-01T00:00:00,PRCP,GHCND:US1CTMD0021,",,,N",1.93
602,2020-01-01T00:00:00,SNOW,GHCND:US1CTMD0021,",,,N",2.6
603,2020-01-01T00:00:00,PRCP,GHCND:US1CTMD0023,",,,N",2.06
604,2020-01-01T00:00:00,SNOW,GHCND:US1CTMD0023,",,,N",3.3
605,2020-01-01T00:00:00,PRCP,GHCND:US1CTMD0024,",a,,N",1.93
606,2020-01-01T00:00:00,PRCP,GHCND:US1CTMD0025,",,,N",2.15
607,2020-01-01T00:00:00,SNOW,GHCND:US1CTMD0025,",,,N",3.3
608,2020-01-01T00:00:00,PRCP,GHCND:US1CTMD0026,",,,N",1.87
609,2020-01-01T00:00:00,PRCP,GHCND:US1CTMD0027,",,,N",2.15
610,2020-01-01T00:00:00,PRCP,GHCND:US1CTNH0014,",,,N",2.82
611,2020-01-01T00:00:00,PRCP,GHCND:US1CTNH0022,",,,N",2.46
612,2020-01-01T00:00:00,PRCP,GHCND:US1CTNH0042,",,,N",2.39
613,2020-01-01T00:00:00,PRCP,GHCND:US1CTNH0043,",,,N",2.56
614,2020-01-01T00:00:00,SNOW,GHCND:US1CTNH0043,",,,N",3.9
615,2020-01-01T00:00:00,PRCP,GHCND:US1CTNH0044,",,,N",2.28
616,2020-01-01T00:00:00,PRCP,GHCND:US1CTNH0045,",,,N",2.71
617,2020-01-01T00:00:00,SNOW,GHCND:US1CTNH0045,",,,N",3.2
618,2020-01-01T00:00:00,PRCP,GHCND:US1CTNH0047,",,,N",2.24
619,2020-01-01T00:00:00,SNOW,GHCND:US1CTNH0047,",,,N",4.2
620,2020-01-01T00:00:00,PRCP,GHCND:US1CTNH0050,",a,,N",1.87
621,2020-01-01T00:00:00,PRCP,GHCND:US1CTNH0057,",,,N",2.3
622,2020-01-01T00:00:00,SNOW,GHCND:US1CTNH0057,",,,N",3.7
623,2020-01-01T00:00:00,PRCP,GHCND:US1CTNL0005,",,,N",2.56
624,2020-01-01T00:00:00,PRCP,GHCND:US1CTNL0006,",,,N",1.93
625,2020-01-01T00:00:00,SNOW,GHCND:US1CTNL0006,",,,N",2.6
626,2020-01-01T00:00:00,PRCP,GHCND:US1CTNL0008,",a,,N",1.95
627,2020-01-01T00:00:00,PRCP,GHCND:US1CTNL0010,",,,N",2.02
628,2020-01-01T00:00:00,SNOW,GHCND:US1CTNL0010,",,,N",4.3
629,2020-01-01T00:00:00,PRCP,GHCND:US1CTNL0018,",,,N",1.56
630,2020-01-01T00:00:00,SNOW,GHCND:US1CTNL0018,"1,T,,N",0.0
631,2020-01-01T00:00:00,PRCP,GHCND:US1CTNL0019,",,,N",1.42
632,2020-01-01T00:00:00,SNOW,GHCND:US1CTNL0019,",,,N",2.5
633,2020-01-01T00:00:00,PRCP,GHCND:US1CTNL0021,",,,N",1.71
634,2020-01-01T00:00:00,SNOW,GHCND:US1CTNL0021,",,,N",3.2
635,2020-01-01T00:00:00,PRCP,GHCND:US1CTNL0022,",,,N",1.63
636,2020-01-01T00:00:00,SNOW,GHCND:US1CTNL0022,",,,N",1.6
637,2020-01-01T00:00:00,PRCP,GHCND:US1CTNL0024,",,,N",1.7
638,2020-01-01T00:00:00,SNOW,GHCND:US1CTNL0024,",,,N",1.6
639,2020-01-01T00:00:00,PRCP,GHCND:US1CTNL0029,",,,N",2.06
640,2020-01-01T00:00:00,SNOW,GHCND:US1CTNL0029,",,,N",3.6
641,2020-01-01T00:00:00,PRCP,GHCND:US1CTNL0037,",,,N",1.61
642,2020-01-01T00:00:00,PRCP,GHCND:US1CTNL0038,",,,N",2.02
643,2020-01-01T00:00:00,PRCP,GHCND:US1CTNL0040,",,,N",1.87
644,2020-01-01T00:00:00,SNOW,GHCND:US1CTNL0040,",,,N",2.0
645,2020-01-01T00:00:00,PRCP,GHCND:US1CTNL0044,"5,,,N",1.69
646,2020-01-01T00:00:00,PRCP,GHCND:US1CTNL0046,"1,,,N",1.99
647,2020-01-01T00:00:00,PRCP,GHCND:US1CTTL0015,",,,N",1.55
648,2020-01-01T00:00:00,SNOW,GHCND:US1CTTL0015,"5,,,N",3.8
649,2020-01-01T00:00:00,PRCP,GHCND:US1CTTL0018,",,,N",2.1
650,2020-01-01T00:00:00,SNOW,GHCND:US1CTTL0018,",,,N",3.6
651,2020-01-01T00:00:00,PRCP,GHCND:US1CTTL0019,",,,N",1.65
652,2020-01-01T00:00:00,PRCP,GHCND:US1CTTL0024,",,,N",2.21
653,2020-01-01T00:00:00,PRCP,GHCND:US1CTTL0026,",,,N",1.63
654,2020-01-01T00:00:00,PRCP,GHCND:US1CTTL0027,",,,N",2.07
655,2020-01-01T00:00:00,SNOW,GHCND:US1CTTL0027,",,,N",4.4
656,2020-01-01T00:00:00,PRCP,GHCND:US1CTTL0028,",a,,N",2.27
657,2020-01-01T00:00:00,PRCP,GHCND:US1CTTL0030,",,,N",2.11
658,2020-01-01T00:00:00,PRCP,GHCND:US1CTWN0002,"5,,,N",1.82
659,2020-01-01T00:00:00,PRCP,GHCND:US1CTWN0004,",,,N",1.67
660,2020-01-01T00:00:00,SNOW,GHCND:US1CTWN0004,",,,N",4.8
661,2020-01-01T00:00:00,PRCP,GHCND:US1CTWN0008,",,,N",2.32
662,2020-01-01T00:00:00,SNOW,GHCND:US1CTWN0008,",,,N",5.5
663,2020-01-01T00:00:00,PRCP,GHCND:US1CTWN0010,"1,,,N",2.16
664,2020-01-01T00:00:00,SNOW,GHCND:US1CTWN0010,"3,,,N",4.0
665,2020-01-01T00:00:00,PRCP,GHCND:US1CTWN0012,",,,N",2.5
666,2020-01-01T00:00:00,EMNT,GHCND:USC00060128,"4,7,22,+",7.0
667,2020-01-01T00:00:00,PRCP,GHCND:USC00060128,",,,7",2.33
668,2020-01-01T00:00:00,SNOW,GHCND:USC00060128,",,,7",4.0
669,2020-01-01T00:00:00,TMIN,GHCND:USC00060128,"4,,,7",24.8
670,2020-01-01T00:00:00,EMNT,GHCND:USC00060227,",7,23,+",3.0
671,2020-01-01T00:00:00,EMXT,GHCND:USC00060227,",7,13,+",65.0
672,2020-01-01T00:00:00,PRCP,GHCND:USC00060227,",,,7",2.37
673,2020-01-01T00:00:00,SNOW,GHCND:USC00060227,",,,7",5.6
674,2020-01-01T00:00:00,TAVG,GHCND:USC00060227,",7",30.8
675,2020-01-01T00:00:00,TMAX,GHCND:USC00060227,",,,7",39.8
676,2020-01-01T00:00:00,TMIN,GHCND:USC00060227,",,,7",21.7
677,2020-01-01T00:00:00,EMNT,GHCND:USC00060299,",7,23,+",4.0
678,2020-01-01T00:00:00,EMXT,GHCND:USC00060299,",7,12,",67.0
679,2020-01-01T00:00:00,PRCP,GHCND:USC00060299,",,,7",2.01
680,2020-01-01T00:00:00,SNOW,GHCND:USC00060299,",,,7",3.0
681,2020-01-01T00:00:00,TAVG,GHCND:USC00060299,",7",30.4
682,2020-01-01T00:00:00,TMAX,GHCND:USC00060299,",,,7",40.0
683,2020-01-01T00:00:00,TMIN,GHCND:USC00060299,",,,7",20.8
684,2020-01-01T00:00:00,EMNT,GHCND:USC00060973,",7,21,",5.0
685,2020-01-01T00:00:00,EMXT,GHCND:USC00060973,",7,13,",68.0
686,2020-01-01T00:00:00,PRCP,GHCND:USC00060973,",,,7",2.27
687,2020-01-01T00:00:00,SNOW,GHCND:USC00060973,",,,7",3.0
688,2020-01-01T00:00:00,TAVG,GHCND:USC00060973,",7",31.2
689,2020-01-01T00:00:00,TMAX,GHCND:USC00060973,",,,7",42.3
690,2020-01-01T00:00:00,TMIN,GHCND:USC00060973,",,,7",20.2
691,2020-01-01T00:00:00,EMNT,GHCND:USC00061762,",7,22,",9.0
692,2020-01-01T00:00:00,EMXT,GHCND:USC00061762,",7,12,+",66.0
693,2020-01-01T00:00:00,PRCP,GHCND:USC00061762,",,,7",2.44
694,2020-01-01T00:00:00,SNOW,GHCND:USC00061762,",,,7",3.8
695,2020-01-01T00:00:00,TAVG,GHCND:USC00061762,",7",34.6
696,2020-01-01T00:00:00,TMAX,GHCND:USC00061762,",,,7",42.7
697,2020-01-01T00:00:00,TMIN,GHCND:USC00061762,",,,7",26.6
698,2020-01-01T00:00:00,EMNT,GHCND:USC00063207,",7,22,+",15.0
699,2020-01-01T00:00:00,EMXT,GHCND:USC00063207,",7,12,",69.0
700,2020-01-01T00:00:00,PRCP,GHCND:USC00063207,",,,7",1.83
701,2020-01-01T00:00:00,SNOW,GHCND:USC00063207,",,,7",2.5
702,2020-01-01T00:00:00,TAVG,GHCND:USC00063207,",7",36.9
703,2020-01-01T00:00:00,TMAX,GHCND:USC00063207,",,,7",43.8
704,2020-01-01T00:00:00,TMIN,GHCND:USC00063207,",,,7",29.9
705,2020-01-01T00:00:00,PRCP,GHCND:USC00063210,",,,7",1.54
706,2020-01-01T00:00:00,SNOW,GHCND:USC00063210,",,,7",4.3
707,2020-01-01T00:00:00,EMNT,GHCND:USC00063420,"1,7,22,",3.0
708,2020-01-01T00:00:00,EMXT,GHCND:USC00063420,",7,13,",68.0
709,2020-01-01T00:00:00,PRCP,GHCND:USC00063420,",,,7",2.62
710,2020-01-01T00:00:00,SNOW,GHCND:USC00063420,",,,7",3.5
711,2020-01-01T00:00:00,TAVG,GHCND:USC00063420,"1,7",32.6
712,2020-01-01T00:00:00,TMAX,GHCND:USC00063420,",,,7",42.1
713,2020-01-01T00:00:00,TMIN,GHCND:USC00063420,"1,,,7",23.0
714,2020-01-01T00:00:00,EMNT,GHCND:USC00065445,",7,18,",5.0
715,2020-01-01T00:00:00,EMXT,GHCND:USC00065445,",7,12,",62.0
716,2020-01-01T00:00:00,PRCP,GHCND:USC00065445,",,,7",1.87
717,2020-01-01T00:00:00,SNOW,GHCND:USC00065445,",,,7",5.8
718,2020-01-01T00:00:00,TAVG,GHCND:USC00065445,",7",27.9
719,2020-01-01T00:00:00,TMAX,GHCND:USC00065445,",,,7",35.3
720,2020-01-01T00:00:00,TMIN,GHCND:USC00065445,",,,7",20.5
721,2020-01-01T00:00:00,EMNT,GHCND:USC00065910,",7,23,+",12.0
722,2020-01-01T00:00:00,EMXT,GHCND:USC00065910,",7,13,",70.0
723,2020-01-01T00:00:00,PRCP,GHCND:USC00065910,",,,7",1.63
724,2020-01-01T00:00:00,SNOW,GHCND:USC00065910,",,,7",3.8
725,2020-01-01T00:00:00,TAVG,GHCND:USC00065910,",7",36.1
726,2020-01-01T00:00:00,TMAX,GHCND:USC00065910,",,,7",43.9
727,2020-01-01T00:00:00,TMIN,GHCND:USC00065910,",,,7",28.3
728,2020-01-01T00:00:00,PRCP,GHCND:USC00067432,",a,,7",2.74
729,2020-01-01T00:00:00,SNOW,GHCND:USC00067432,"5,,,7",4.0
730,2020-01-01T00:00:00,EMNT,GHCND:USC00067958,",7,23,",5.0
731,2020-01-01T00:00:00,EMXT,GHCND:USC00067958,",7,13,",66.0
732,2020-01-01T00:00:00,PRCP,GHCND:USC00067958,",,,7",1.9
733,2020-01-01T00:00:00,SNOW,GHCND:USC00067958,",,,7",4.1
734,2020-01-01T00:00:00,TAVG,GHCND:USC00067958,",7",30.5
735,2020-01-01T00:00:00,TMAX,GHCND:USC00067958,",,,7",39.3
736,2020-01-01T00:00:00,TMIN,GHCND:USC00067958,",,,7",21.8
737,2020-01-01T00:00:00,EMNT,GHCND:USC00067970,",7,21,",8.0
738,2020-01-01T00:00:00,EMXT,GHCND:USC00067970,"1,7,12,",67.0
739,2020-01-01T00:00:00,TAVG,GHCND:USC00067970,"1,7",35.9
740,2020-01-01T00:00:00,TMAX,GHCND:USC00067970,"1,,,7",44.1
741,2020-01-01T00:00:00,TMIN,GHCND:USC00067970,",,,7",27.7
742,2020-01-01T00:00:00,EMNT,GHCND:USC00068138,",7,22,",9.0
743,2020-01-01T00:00:00,EMXT,GHCND:USC00068138,",7,13,",66.0
744,2020-01-01T00:00:00,PRCP,GHCND:USC00068138,",,,7",1.98
745,2020-01-01T00:00:00,SNOW,GHCND:USC00068138,"1,,,7",1.3
746,2020-01-01T00:00:00,TAVG,GHCND:USC00068138,",7",32.3
747,2020-01-01T00:00:00,TMAX,GHCND:USC00068138,",,,7",40.1
748,2020-01-01T00:00:00,TMIN,GHCND:USC00068138,",,,7",24.5
749,2020-01-01T00:00:00,PRCP,GHCND:USC00068330,",a,,7",2.2
750,2020-01-01T00:00:00,SNOW,GHCND:USC00068330,"5,,,7",3.0
751,2020-01-01T00:00:00,EMNT,GHCND:USC00069388,",7,23,+",2.0
752,2020-01-01T00:00:00,EMXT,GHCND:USC00069388,",7,13,",69.0
753,2020-01-01T00:00:00,PRCP,GHCND:USC00069388,",,,7",1.83
754,2020-01-01T00:00:00,SNOW,GHCND:USC00069388,",,,7",4.0
755,2020-01-01T00:00:00,TAVG,GHCND:USC00069388,",7",31.7
756,2020-01-01T00:00:00,TMAX,GHCND:USC00069388,",,,7",40.3
757,2020-01-01T00:00:00,TMIN,GHCND:USC00069388,",,,7",23.0
758,2020-01-01T00:00:00,EMNT,GHCND:USW00014707,",W,22,",13.0
759,2020-01-01T00:00:00,EMXT,GHCND:USW00014707,",W,12,",66.0
760,2020-01-01T00:00:00,PRCP,GHCND:USW00014707,",,,W",1.44
761,2020-01-01T00:00:00,TAVG,GHCND:USW00014707,",W",35.3
762,2020-01-01T00:00:00,TMAX,GHCND:USW00014707,",,,W",42.8
763,2020-01-01T00:00:00,TMIN,GHCND:USW00014707,",,,W",27.9
764,2020-01-01T00:00:00,EMNT,GHCND:USW00014740,",W,22,",4.0
765,2020-01-01T00:00:00,EMXT,GHCND:USW00014740,",W,12,",70.0
766,2020-01-01T00:00:00,PRCP,GHCND:USW00014740,",,,W",1.8
767,2020-01-01T00:00:00,SNOW,GHCND:USW00014740,",,,W",3.3
768,2020-01-01T00:00:00,TAVG,GHCND:USW00014740,",W",33.1
769,2020-01-01T00:00:00,TMAX,GHCND:USW00014740,",,,W",41.8
770,2020-01-01T00:00:00,TMIN,GHCND:USW00014740,",,,W",24.5
771,2020-01-01T00:00:00,EMNT,GHCND:USW00014752,",W,21,",7.0
772,2020-01-01T00:00:00,EMXT,GHCND:USW00014752,",W,12,",70.0
773,2020-01-01T00:00:00,PRCP,GHCND:USW00014752,",,,W",1.77
774,2020-01-01T00:00:00,TAVG,GHCND:USW00014752,",W",34.7
775,2020-01-01T00:00:00,TMAX,GHCND:USW00014752,",,,W",42.8
776,2020-01-01T00:00:00,TMIN,GHCND:USW00014752,",,,W",26.6
777,2020-01-01T00:00:00,EMNT,GHCND:USW00014758,",W,22,",14.0
778,2020-01-01T00:00:00,EMXT,GHCND:USW00014758,",W,12,",69.0
779,2020-01-01T00:00:00,PRCP,GHCND:USW00014758,",,,W",1.49
780,2020-01-01T00:00:00,TAVG,GHCND:USW00014758,",W",36.9
781,2020-01-01T00:00:00,TMAX,GHCND:USW00014758,",,,W",44.3
782,2020-01-01T00:00:00,TMIN,GHCND:USW00014758,",,,W",29.5
783,2020-01-01T00:00:00,EMNT,GHCND:USW00054734,",W,21,",6.0
784,2020-01-01T00:00:00,EMXT,GHCND:USW00054734,",W,12,+",66.0
785,2020-01-01T00:00:00,PRCP,GHCND:USW00054734,",,,W",2.06
786,2020-01-01T00:00:00,TAVG,GHCND:USW00054734,",W",33.1
787,2020-01-01T00:00:00,TMAX,GHCND:USW00054734,",,,W",41.6
788,2020-01-01T00:00:00,TMIN,GHCND:USW00054734,",,,W",24.5
789,2020-01-01T00:00:00,EMNT,GHCND:USW00054767,",W,21,",3.0
790,2020-01-01T00:00:00,EMXT,GHCND:USW00054767,",W,12,",69.0
791,2020-01-01T00:00:00,PRCP,GHCND:USW00054767,",,,W",1.85
792,2020-01-01T00:00:00,TAVG,GHCND:USW00054767,",W",33.2
793,2020-01-01T00:00:00,TMAX,GHCND:USW00054767,",,,W",42.2
794,2020-01-01T00:00:00,TMIN,GHCND:USW00054767,",,,W",24.3
795,2020-01-01T00:00:00,EMNT,GHCND:USW00054788,",W,21,",7.0
796,2020-01-01T00:00:00,EMXT,GHCND:USW00054788,",W,12,",68.0
797,2020-01-01T00:00:00,PRCP,GHCND:USW00054788,",,,W",2.44
798,2020-01-01T00:00:00,TAVG,GHCND:USW00054788,",W",34.0
799,2020-01-01T00:00:00,TMAX,GHCND:USW00054788,",,,W",42.7
800,2020-01-01T00:00:00,TMIN,GHCND:USW00054788,",,,W",25.4
801,2020-01-01T00:00:00,EMNT,GHCND:USW00094702,",W,21,",15.0
802,2020-01-01T00:00:00,EMXT,GHCND:USW00094702,",W,12,",69.0
803,2020-01-01T00:00:00,PRCP,GHCND:USW00094702,",,,W",1.89
804,2020-01-01T00:00:00,SNOW,GHCND:USW00094702,",,,W",4.6
805,2020-01-01T00:00:00,TAVG,GHCND:USW00094702,",W",36.8
806,2020-01-01T00:00:00,TMAX,GHCND:USW00094702,",,,W",43.8
807,2020-01-01T00:00:00,TMIN,GHCND:USW00094702,",,,W",29.8
808,2020-02-01T00:00:00,PRCP,GHCND:US1CTFR0003,",,,N",3.72
809,2020-02-01T00:00:00,SNOW,GHCND:US1CTFR0003,",T,,N",0.0
810,2020-02-01T00:00:00,PRCP,GHCND:US1CTFR0009,",,,N",2.98
811,2020-02-01T00:00:00,SNOW,GHCND:US1CTFR0009,",T,,N",0.0
812,2020-02-01T00:00:00,PRCP,GHCND:US1CTFR0020,",,,N",3.77
813,2020-02-01T00:00:00,PRCP,GHCND:US1CTFR0023,",,,N",3.42
814,2020-02-01T00:00:00,SNOW,GHCND:US1CTFR0023,",T,,N",0.0
815,2020-02-01T00:00:00,PRCP,GHCND:US1CTFR0025,",,,N",3.36
816,2020-02-01T00:00:00,SNOW,GHCND:US1CTFR0025,",T,,N",0.0
817,2020-02-01T00:00:00,PRCP,GHCND:US1CTFR0026,",,,N",3.47
818,2020-02-01T00:00:00,PRCP,GHCND:US1CTFR0029,",,,N",3.51
819,2020-02-01T00:00:00,SNOW,GHCND:US1CTFR0029,",T,,N",0.0
820,2020-02-01T00:00:00,PRCP,GHCND:US1CTFR0031,",,,N",3.35
821,2020-02-01T00:00:00,PRCP,GHCND:US1CTFR0035,"1,,,N",3.36
822,2020-02-01T00:00:00,PRCP,GHCND:US1CTFR0041,",,,N",3.19
823,2020-02-01T00:00:00,SNOW,GHCND:US1CTFR0041,",T,,N",0.0
824,2020-02-01T00:00:00,PRCP,GHCND:US1CTFR0042,",a,,N",3.09
825,2020-02-01T00:00:00,PRCP,GHCND:US1CTFR0043,"1,,,N",3.37
826,2020-02-01T00:00:00,PRCP,GHCND:US1CTFR0046,",,,N",4.0
827,2020-02-01T00:00:00,PRCP,GHCND:US1CTFR0050,",,,N",3.31
828,2020-02-01T00:00:00,PRCP,GHCND:US1CTFR0057,"1,,,N",2.56
829,2020-02-01T00:00:00,PRCP,GHCND:US1CTFR0058,",,,N",3.05
830,2020-02-01T00:00:00,PRCP,GHCND:US1CTFR0059,"2,,,N",3.25
831,2020-02-01T00:00:00,SNOW,GHCND:US1CTFR0059,"4,,,N",0.0
832,2020-02-01T00:00:00,PRCP,GHCND:US1CTFR0060,",a,,N",3.57
833,2020-02-01T00:00:00,PRCP,GHCND:US1CTFR0063,",,,N",4.81
834,2020-02-01T00:00:00,PRCP,GHCND:US1CTFR0064,",a,,N",3.33
835,2020-02-01T00:00:00,PRCP,GHCND:US1CTHR0005,",,,N",3.68
836,2020-02-01T00:00:00,PRCP,GHCND:US1CTHR0006,",,,N",3.74
837,2020-02-01T00:00:00,PRCP,GHCND:US1CTHR0007,",a,,N",3.38
838,2020-02-01T00:00:00,PRCP,GHCND:US1CTHR0008,",,,N",3.55
839,2020-02-01T00:00:00,SNOW,GHCND:US1CTHR0008,",,,N",1.5
840,2020-02-01T00:00:00,PRCP,GHCND:US1CTHR0015,",,,N",4.2
841,2020-02-01T00:00:00,SNOW,GHCND:US1CTHR0015,"1,,,N",0.8
842,2020-02-01T00:00:00,PRCP,GHCND:US1CTHR0022,",,,N",3.31
843,2020-02-01T00:00:00,SNOW,GHCND:US1CTHR0022,",T,,N",0.0
844,2020-02-01T00:00:00,PRCP,GHCND:US1CTHR0023,",a,,N",3.75
845,2020-02-01T00:00:00,PRCP,GHCND:US1CTHR0028,"1,,,N",3.89
846,2020-02-01T00:00:00,PRCP,GHCND:US1CTHR0053,"2,a,,N",2.57
847,2020-02-01T00:00:00,PRCP,GHCND:US1CTHR0055,"1,a,,N",3.04
848,2020-02-01T00:00:00,PRCP,GHCND:US1CTHR0057,",,,N",3.21
849,2020-02-01T00:00:00,SNOW,GHCND:US1CTHR0057,"1,,,N",0.6
850,2020-02-01T00:00:00,PRCP,GHCND:US1CTHR0058,"2,a,,N",3.18
851,2020-02-01T00:00:00,PRCP,GHCND:US1CTHR0065,",,,N",3.81
852,2020-02-01T00:00:00,SNOW,GHCND:US1CTHR0065,",,,N",0.3
853,2020-02-01T00:00:00,PRCP,GHCND:US1CTHR0068,",,,N",3.45
854,2020-02-01T00:00:00,PRCP,GHCND:US1CTHR0071,"2,,,N",3.17
855,2020-02-01T00:00:00,PRCP,GHCND:US1CTHR0076,",,,N",3.4
856,2020-02-01T00:00:00,PRCP,GHCND:US1CTHR0080,",,,N",4.04
857,2020-02-01T00:00:00,PRCP,GHCND:US1CTHR0082,",,,N",3.5
858,2020-02-01T00:00:00,PRCP,GHCND:US1CTHR0083,",,,N",3.89
859,2020-02-01T00:00:00,PRCP,GHCND:US1CTHR0088,"3,a,,N",2.33
860,2020-02-01T00:00:00,PRCP,GHCND:US1CTLT0015,",,,N",3.43
861,2020-02-01T00:00:00,SNOW,GHCND:US1CTLT0015,",,,N",3.6
862,2020-02-01T00:00:00,PRCP,GHCND:US1CTLT0018,",a,,N",3.49
863,2020-02-01T00:00:00,PRCP,GHCND:US1CTLT0020,",,,N",2.79
864,2020-02-01T00:00:00,PRCP,GHCND:US1CTLT0022,",a,,N",2.97
865,2020-02-01T00:00:00,SNOW,GHCND:US1CTLT0022,"3,,,N",1.0
866,2020-02-01T00:00:00,PRCP,GHCND:US1CTLT0028,"1,,,N",3.02
867,2020-02-01T00:00:00,PRCP,GHCND:US1CTLT0034,"4,,,N",3.26
868,2020-02-01T00:00:00,SNOW,GHCND:US1CTLT0034,"4,,,N",0.9
869,2020-02-01T00:00:00,PRCP,GHCND:US1CTMD0018,",,,N",3.83
870,2020-02-01T00:00:00,PRCP,GHCND:US1CTMD0019,",,,N",3.54
871,2020-02-01T00:00:00,PRCP,GHCND:US1CTMD0021,",,,N",3.61
872,2020-02-01T00:00:00,SNOW,GHCND:US1CTMD0021,",T,,N",0.0
873,2020-02-01T00:00:00,PRCP,GHCND:US1CTMD0023,",,,N",3.8
874,2020-02-01T00:00:00,SNOW,GHCND:US1CTMD0023,",,,N",0.0
875,2020-02-01T00:00:00,PRCP,GHCND:US1CTMD0024,"1,a,,N",3.74
876,2020-02-01T00:00:00,PRCP,GHCND:US1CTMD0025,",,,N",3.73
877,2020-02-01T00:00:00,SNOW,GHCND:US1CTMD0025,",T,,N",0.0
878,2020-02-01T00:00:00,PRCP,GHCND:US1CTMD0027,",,,N",4.03
879,2020-02-01T00:00:00,PRCP,GHCND:US1CTNH0014,",,,N",3.83
880,2020-02-01T00:00:00,PRCP,GHCND:US1CTNH0022,",,,N",3.29
881,2020-02-01T00:00:00,PRCP,GHCND:US1CTNH0042,",,,N",3.93
882,2020-02-01T00:00:00,PRCP,GHCND:US1CTNH0043,",,,N",4.07
883,2020-02-01T00:00:00,SNOW,GHCND:US1CTNH0043,",T,,N",0.0
884,2020-02-01T00:00:00,PRCP,GHCND:US1CTNH0044,",,,N",4.06
885,2020-02-01T00:00:00,PRCP,GHCND:US1CTNH0045,",a,,N",3.14
886,2020-02-01T00:00:00,SNOW,GHCND:US1CTNH0045,"4,T,,N",0.0
887,2020-02-01T00:00:00,PRCP,GHCND:US1CTNH0047,",,,N",3.65
888,2020-02-01T00:00:00,SNOW,GHCND:US1CTNH0047,",T,,N",0.0
889,2020-02-01T00:00:00,PRCP,GHCND:US1CTNH0050,",,,N",3.79
890,2020-02-01T00:00:00,PRCP,GHCND:US1CTNH0057,",,,N",3.93
891,2020-02-01T00:00:00,SNOW,GHCND:US1CTNH0057,",,,N",0.0
892,2020-02-01T00:00:00,PRCP,GHCND:US1CTNH0060,"1,a,,N",3.01
893,2020-02-01T00:00:00,PRCP,GHCND:US1CTNL0005,"1,,,N",3.72
894,2020-02-01T00:00:00,PRCP,GHCND:US1CTNL0006,",,,N",3.82
895,2020-02-01T00:00:00,SNOW,GHCND:US1CTNL0006,"1,,,N",0.0
896,2020-02-01T00:00:00,PRCP,GHCND:US1CTNL0010,",,,N",3.83
897,2020-02-01T00:00:00,SNOW,GHCND:US1CTNL0010,",T,,N",0.0
898,2020-02-01T00:00:00,PRCP,GHCND:US1CTNL0019,"1,,,N",3.44
899,2020-02-01T00:00:00,SNOW,GHCND:US1CTNL0019,"1,,,N",0.0
900,2020-02-01T00:00:00,PRCP,GHCND:US1CTNL0021,",,,N",2.98
901,2020-02-01T00:00:00,SNOW,GHCND:US1CTNL0021,",,,N",0.0
902,2020-02-01T00:00:00,PRCP,GHCND:US1CTNL0022,",,,N",3.75
903,2020-02-01T00:00:00,SNOW,GHCND:US1CTNL0022,"1,,,N",0.0
904,2020-02-01T00:00:00,PRCP,GHCND:US1CTNL0024,",,,N",3.73
905,2020-02-01T00:00:00,SNOW,GHCND:US1CTNL0024,",,,N",0.0
906,2020-02-01T00:00:00,PRCP,GHCND:US1CTNL0029,",,,N",4.2
907,2020-02-01T00:00:00,SNOW,GHCND:US1CTNL0029,",,,N",0.0
908,2020-02-01T00:00:00,PRCP,GHCND:US1CTNL0032,"3,,,N",3.67
909,2020-02-01T00:00:00,SNOW,GHCND:US1CTNL0032,"3,,,N",0.0
910,2020-02-01T00:00:00,PRCP,GHCND:US1CTNL0038,",,,N",3.98
911,2020-02-01T00:00:00,PRCP,GHCND:US1CTNL0040,",a,,N",3.67
912,2020-02-01T00:00:00,SNOW,GHCND:US1CTNL0040,"3,T,,N",0.0
913,2020-02-01T00:00:00,PRCP,GHCND:US1CTNL0044,"4,,,N",2.69
914,2020-02-01T00:00:00,PRCP,GHCND:US1CTTL0015,",,,N",3.36
915,2020-02-01T00:00:00,PRCP,GHCND:US1CTTL0018,"2,,,N",3.45
916,2020-02-01T00:00:00,SNOW,GHCND:US1CTTL0018,"2,,,N",0.8
917,2020-02-01T00:00:00,PRCP,GHCND:US1CTTL0019,",,,N",3.56
918,2020-02-01T00:00:00,SNOW,GHCND:US1CTTL0019,"3,,,N",1.0
919,2020-02-01T00:00:00,PRCP,GHCND:US1CTTL0024,",,,N",2.61
920,2020-02-01T00:00:00,PRCP,GHCND:US1CTTL0026,",,,N",3.31
921,2020-02-01T00:00:00,PRCP,GHCND:US1CTTL0027,",,,N",3.48
922,2020-02-01T00:00:00,SNOW,GHCND:US1CTTL0027,",,,N",0.4
923,2020-02-01T00:00:00,PRCP,GHCND:US1CTTL0030,",,,N",3.36
924,2020-02-01T00:00:00,PRCP,GHCND:US1CTWN0002,"3,,,N",3.64
925,2020-02-01T00:00:00,PRCP,GHCND:US1CTWN0004,",,,N",3.19
926,2020-02-01T00:00:00,SNOW,GHCND:US1CTWN0004,",,,N",0.5
927,2020-02-01T00:00:00,PRCP,GHCND:US1CTWN0008,",,,N",2.89
928,2020-02-01T00:00:00,SNOW,GHCND:US1CTWN0008,",,,N",0.6
929,2020-02-01T00:00:00,PRCP,GHCND:US1CTWN0010,"5,a,,N",3.13
930,2020-02-01T00:00:00,PRCP,GHCND:US1CTWN0012,",,,N",3.43
931,2020-02-01T00:00:00,EMNT,GHCND:USC00060128,",7,15,",6.0
932,2020-02-01T00:00:00,PRCP,GHCND:USC00060128,",,,7",3.57
933,2020-02-01T00:00:00,SNOW,GHCND:USC00060128,",,,7",0.0
934,2020-02-01T00:00:00,TMIN,GHCND:USC00060128,",,,7",25.8
935,2020-02-01T00:00:00,EMNT,GHCND:USC00060227,",7,15,",3.0
936,2020-02-01T00:00:00,EMXT,GHCND:USC00060227,",7,25,",60.0
937,2020-02-01T00:00:00,PRCP,GHCND:USC00060227,",,,7",3.47
938,2020-02-01T00:00:00,SNOW,GHCND:USC00060227,",,,7",2.4
939,2020-02-01T00:00:00,TAVG,GHCND:USC00060227,",7",31.0
940,2020-02-01T00:00:00,TMAX,GHCND:USC00060227,",,,7",40.0
941,2020-02-01T00:00:00,TMIN,GHCND:USC00060227,",,,7",22.0
942,2020-02-01T00:00:00,EMNT,GHCND:USC00060299,",7,16,+",2.0
943,2020-02-01T00:00:00,EMXT,GHCND:USC00060299,",7,25,",56.0
944,2020-02-01T00:00:00,PRCP,GHCND:USC00060299,",,,7",3.27
945,2020-02-01T00:00:00,SNOW,GHCND:USC00060299,",,,7",2.0
946,2020-02-01T00:00:00,TAVG,GHCND:USC00060299,",7",30.9
947,2020-02-01T00:00:00,TMAX,GHCND:USC00060299,",,,7",39.9
948,2020-02-01T00:00:00,TMIN,GHCND:USC00060299,",,,7",22.0
949,2020-02-01T00:00:00,EMNT,GHCND:USC00060973,",7,15,",1.0
950,2020-02-01T00:00:00,EMXT,GHCND:USC00060973,",7,25,",62.0
951,2020-02-01T00:00:00,PRCP,GHCND:USC00060973,",,,7",3.51
952,2020-02-01T00:00:00,SNOW,GHCND:USC00060973,",,,7",1.0
953,2020-02-01T00:00:00,TAVG,GHCND:USC00060973,",7",31.5
954,2020-02-01T00:00:00,TMAX,GHCND:USC00060973,",,,7",42.3
955,2020-02-01T00:00:00,TMIN,GHCND:USC00060973,",,,7",20.8
956,2020-02-01T00:00:00,EMNT,GHCND:USC00061762,",7,15,",8.0
957,2020-02-01T00:00:00,EMXT,GHCND:USC00061762,",7,24,",62.0
958,2020-02-01T00:00:00,PRCP,GHCND:USC00061762,",,,7",3.2
959,2020-02-01T00:00:00,SNOW,GHCND:USC00061762,",,,7",0.3
960,2020-02-01T00:00:00,TAVG,GHCND:USC00061762,",7",35.2
961,2020-02-01T00:00:00,TMAX,GHCND:USC00061762,",,,7",42.6
962,2020-02-01T00:00:00,TMIN,GHCND:USC00061762,",,,7",27.7
963,2020-02-01T00:00:00,EMNT,GHCND:USC00063207,",7,15,",11.0
964,2020-02-01T00:00:00,EMXT,GHCND:USC00063207,",7,07,",55.0
965,2020-02-01T00:00:00,PRCP,GHCND:USC00063207,",,,7",3.66
966,2020-02-01T00:00:00,SNOW,GHCND:USC00063207,",,,7",0.0
967,2020-02-01T00:00:00,TAVG,GHCND:USC00063207,",7",37.3
968,2020-02-01T00:00:00,TMAX,GHCND:USC00063207,",,,7",43.6
969,2020-02-01T00:00:00,TMIN,GHCND:USC00063207,",,,7",31.0
970,2020-02-01T00:00:00,EMNT,GHCND:USC00063210,",7,15,",5.0
971,2020-02-01T00:00:00,EMXT,GHCND:USC00063210,"3,7,25,",56.0
972,2020-02-01T00:00:00,PRCP,GHCND:USC00063210,",,,7",3.48
973,2020-02-01T00:00:00,SNOW,GHCND:USC00063210,",T,,7",0.0
974,2020-02-01T00:00:00,TAVG,GHCND:USC00063210,"3,7",35.5
975,2020-02-01T00:00:00,TMAX,GHCND:USC00063210,"3,,,7",44.5
976,2020-02-01T00:00:00,TMIN,GHCND:USC00063210,",,,7",26.6
977,2020-02-01T00:00:00,EMNT,GHCND:USC00063420,",7,16,+",6.0
978,2020-02-01T00:00:00,EMXT,GHCND:USC00063420,",7,25,",61.0
979,2020-02-01T00:00:00,PRCP,GHCND:USC00063420,",,,7",3.4
980,2020-02-01T00:00:00,SNOW,GHCND:USC00063420,",,,7",0.0
981,2020-02-01T00:00:00,TAVG,GHCND:USC00063420,",7",34.1
982,2020-02-01T00:00:00,TMAX,GHCND:USC00063420,",,,7",43.1
983,2020-02-01T00:00:00,TMIN,GHCND:USC00063420,",,,7",25.1
984,2020-02-01T00:00:00,EMNT,GHCND:USC00065077,",7,15,",7.0
985,2020-02-01T00:00:00,EMXT,GHCND:USC00065077,",7,25,",60.0
986,2020-02-01T00:00:00,PRCP,GHCND:USC00065077,",,,7",3.62
987,2020-02-01T00:00:00,SNOW,GHCND:USC00065077,",,,7",0.0
988,2020-02-01T00:00:00,TAVG,GHCND:USC00065077,",7",36.0
989,2020-02-01T00:00:00,TMAX,GHCND:USC00065077,",,,7",43.7
990,2020-02-01T00:00:00,TMIN,GHCND:USC00065077,",,,7",28.4
991,2020-02-01T00:00:00,EMNT,GHCND:USC00065445,",7,16,+",0.0
992,2020-02-01T00:00:00,EMXT,GHCND:USC00065445,",7,25,",55.0
993,2020-02-01T00:00:00,PRCP,GHCND:USC00065445,",,,7",3.37
994,2020-02-01T00:00:00,SNOW,GHCND:USC00065445,",,,7",8.5
995,2020-02-01T00:00:00,TAVG,GHCND:USC00065445,",7",28.6
996,2020-02-01T00:00:00,TMAX,GHCND:USC00065445,",,,7",35.5
997,2020-02-01T00:00:00,TMIN,GHCND:USC00065445,",,,7",21.8
998,2020-02-01T00:00:00,EMNT,GHCND:USC00065910,",7,16,+",12.0
999,2020-02-01T00:00:00,EMXT,GHCND:USC00065910,",7,27,",64.0
0,2020-02-01T00:00:00,PRCP,GHCND:USC00065910,",,,7",2.83
1,2020-02-01T00:00:00,SNOW,GHCND:USC00065910,",,,7",0.0
2,2020-02-01T00:00:00,TAVG,GHCND:USC00065910,",7",36.8
3,2020-02-01T00:00:00,TMAX,GHCND:USC00065910,",,,7",44.9
4,2020-02-01T00:00:00,TMIN,GHCND:USC00065910,",,,7",28.8
5,2020-02-01T00:00:00,PRCP,GHCND:USC00067432,",,,7",3.88
6,2020-02-01T00:00:00,SNOW,GHCND:USC00067432,",,,7",0.0
7,2020-02-01T00:00:00,EMNT,GHCND:USC00067958,",7,15,",3.0
8,2020-02-01T00:00:00,EMXT,GHCND:USC00067958,",7,24,",60.0
9,2020-02-01T00:00:00,SNOW,GHCND:USC00067958,",,,7",1.2
10,2020-02-01T00:00:00,TAVG,GHCND:USC00067958,",7",31.5
11,2020-02-01T00:00:00,TMAX,GHCND:USC00067958,",,,7",40.1
12,2020-02-01T00:00:00,TMIN,GHCND:USC00067958,",,,7",22.8
13,2020-02-01T00:00:00,EMNT,GHCND:USC00067970,",7,15,",10.0
14,2020-02-01T00:00:00,EMXT,GHCND:USC00067970,",7,24,",62.0
15,2020-02-01T00:00:00,TAVG,GHCND:USC00067970,",7",37.2
16,2020-02-01T00:00:00,TMAX,GHCND:USC00067970,",,,7",44.7
17,2020-02-01T00:00:00,TMIN,GHCND:USC00067970,",,,7",29.7
18,2020-02-01T00:00:00,EMNT,GHCND:USC00068138,",7,15,",5.0
19,2020-02-01T00:00:00,EMXT,GHCND:USC00068138,",7,25,",61.0
20,2020-02-01T00:00:00,PRCP,GHCND:USC00068138,",,,7",3.45
21,2020-02-01T00:00:00,SNOW,GHCND:USC00068138,",,,7",1.0
22,2020-02-01T00:00:00,TAVG,GHCND:USC00068138,",7",33.1
23,2020-02-01T00:00:00,TMAX,GHCND:USC00068138,",,,7",40.3
24,2020-02-01T00:00:00,TMIN,GHCND:USC00068138,",,,7",25.8
25,2020-02-01T00:00:00,PRCP,GHCND:USC00068330,",,,7",3.2
26,2020-02-01T00:00:00,SNOW,GHCND:USC00068330,",T,,7",0.0
27,2020-02-01T00:00:00,EMNT,GHCND:USC00069388,",7,16,+",8.0
28,2020-02-01T00:00:00,EMXT,GHCND:USC00069388,",7,25,",60.0
29,2020-02-01T00:00:00,PRCP,GHCND:USC00069388,",,,7",3.34
30,2020-02-01T00:00:00,SNOW,GHCND:USC00069388,",,,7",0.5
31,2020-02-01T00:00:00,TAVG,GHCND:USC00069388,",7",32.3
32,2020-02-01T00:00:00,TMAX,GHCND:USC00069388,",,,7",41.1
33,2020-02-01T00:00:00,TMIN,GHCND:USC00069388,",,,7",23.4
34,2020-02-01T00:00:00,EMNT,GHCND:USW00014707,",W,15,",9.0
35,2020-02-01T00:00:00,EMXT,GHCND:USW00014707,",W,07,",53.0
36,2020-02-01T00:00:00,PRCP,GHCND:USW00014707,",,,W",3.19
37,2020-02-01T00:00:00,TAVG,GHCND:USW00014707,",W",35.4
38,2020-02-01T00:00:00,TMAX,GHCND:USW00014707,",,,W",42.3
39,2020-02-01T00:00:00,TMIN,GHCND:USW00014707,",,,W",28.6
40,2020-02-01T00:00:00,EMNT,GHCND:USW00014740,",W,15,",6.0
41,2020-02-01T00:00:00,EMXT,GHCND:USW00014740,",W,24,",63.0
42,2020-02-01T00:00:00,PRCP,GHCND:USW00014740,",,,W",3.19
43,2020-02-01T00:00:00,SNOW,GHCND:USW00014740,",,,W",0.4
44,2020-02-01T00:00:00,TAVG,GHCND:USW00014740,",W",34.2
45,2020-02-01T00:00:00,TMAX,GHCND:USW00014740,",,,W",42.8
46,2020-02-01T00:00:00,TMIN,GHCND:USW00014740,",,,W",25.7
47,2020-02-01T00:00:00,EMNT,GHCND:USW00014752,",W,15,",10.0
48,2020-02-01T00:00:00,EMXT,GHCND:USW00014752,",W,24,",62.0
49,2020-02-01T00:00:00,PRCP,GHCND:USW00014752,",,,W",3.24
50,2020-02-01T00:00:00,TAVG,GHCND:USW00014752,",W",35.6
51,2020-02-01T00:00:00,TMAX,GHCND:USW00014752,",,,W",43.7
52,2020-02-01T00:00:00,TMIN,GHCND:USW00014752,",,,W",27.6
53,2020-02-01T00:00:00,EMNT,GHCND:USW00014758,",W,15,",11.0
54,2020-02-01T00:00:00,EMXT,GHCND:USW00014758,",W,24,",56.0
55,2020-02-01T00:00:00,PRCP,GHCND:USW00014758,",,,W",2.8
56,2020-02-01T00:00:00,TAVG,GHCND:USW00014758,",W",37.1
57,2020-02-01T00:00:00,TMAX,GHCND:USW00014758,",,,W",44.5
58,2020-02-01T00:00:00,TMIN,GHCND:USW00014758,",,,W",29.7
59,2020-02-01T00:00:00,EMNT,GHCND:USW00054734,",W,15,",6.0
60,2020-02-01T00:00:00,EMXT,GHCND:USW00054734,",W,24,",61.0
61,2020-02-01T00:00:00,PRCP,GHCND:USW00054734,",,,W",2.36
62,2020-02-01T00:00:00,TAVG,GHCND:USW00054734,",W",34.5
63,2020-02-01T00:00:00,TMAX,GHCND:USW00054734,",,,W",42.5
64,2020-02-01T00:00:00,TMIN,GHCND:USW00054734,",,,W",26.4
65,2020-02-01T00:00:00,EMNT,GHCND:USW00054767,",W,15,",7.0
66,2020-02-01T00:00:00,EMXT,GHCND:USW00054767,",W,24,",61.0
67,2020-02-01T00:00:00,PRCP,GHCND:USW00054767,",,,W",2.12
68,2020-02-01T00:00:00,TAVG,GHCND:USW00054767,",W",33.9
69,2020-02-01T00:00:00,TMAX,GHCND:USW00054767,",,,W",43.0
70,2020-02-01T00:00:00,TMIN,GHCND:USW00054767,",,,W",24.8
71,2020-02-01T00:00:00,EMNT,GHCND:USW00054788,",W,15,",9.0
72,2020-02-01T00:00:00,EMXT,GHCND:USW00054788,",W,24,",59.0
73,2020-02-01T00:00:00,PRCP,GHCND:USW00054788,",,,W",3.8
74,2020-02-01T00:00:00,TAVG,GHCND:USW00054788,",W",35.0
75,2020-02-01T00:00:00,TMAX,GHCND:USW00054788,",,,W",43.2
76,2020-02-01T00:00:00,TMIN,GHCND:USW00054788,",,,W",26.9
77,2020-02-01T00:00:00,EMNT,GHCND:USW00094702,",W,15,",11.0
78,2020-02-01T00:00:00,EMXT,GHCND:USW00094702,",W,24,",56.0
79,2020-02-01T00:00:00,PRCP,GHCND:USW00094702,",,,W",3.34
80,2020-02-01T00:00:00,SNOW,GHCND:USW00094702,",T,,W",0.0
81,2020-02-01T00:00:00,TAVG,GHCND:USW00094702,",W",37.7
82,2020-02-01T00:00:00,TMAX,GHCND:USW00094702,",,,W",44.2
83,2020-02-01T00:00:00,TMIN,GHCND:USW00094702,",,,W",31.1
84,2020-03-01T00:00:00,PRCP,GHCND:US1CTFR0003,",,,N",4.17
85,2020-03-01T00:00:00,SNOW,GHCND:US1CTFR0003,",,,N",0.7
86,2020-03-01T00:00:00,PRCP,GHCND:US1CTFR0009,",,,N",2.97
87,2020-03-01T00:00:00,SNOW,GHCND:US1CTFR0009,",,,N",1.3
88,2020-03-01T00:00:00,PRCP,GHCND:US1CTFR0020,"1,,,N",4.0
89,2020-03-01T00:00:00,PRCP,GHCND:US1CTFR0023,"2,a,,N",2.96
90,2020-03-01T00:00:00,SNOW,GHCND:US1CTFR0023,"4,,,N",1.2
91,2020-03-01T00:00:00,PRCP,GHCND:US1CTFR0025,",,,N",4.11
92,2020-03-01T00:00:00,SNOW,GHCND:US1CTFR0025,",,,N",0.1
93,2020-03-01T00:00:00,PRCP,GHCND:US1CTFR0026,",,,N",4.11
94,2020-03-01T00:00:00,PRCP,GHCND:US1CTFR0029,",,,N",3.46
95,2020-03-01T00:00:00,SNOW,GHCND:US1CTFR0029,",T,,N",0.0
96,2020-03-01T00:00:00,PRCP,GHCND:US1CTFR0031,",,,N",3.48
97,2020-03-01T00:00:00,PRCP,GHCND:US1CTFR0035,"1,,,N",3.64
98,2020-03-01T00:00:00,PRCP,GHCND:US1CTFR0039,",,,N",3.49
99,2020-03-01T00:00:00,PRCP,GHCND:US1CTFR0041,",,,N",3.05
100,2020-03-01T00:00:00,SNOW,GHCND:US1CTFR0041,",,,N",1.3
101,2020-03-01T00:00:00,PRCP,GHCND:US1CTFR0042,",a,,N",3.91
102,2020-03-01T00:00:00,PRCP,GHCND:US1CTFR0043,"1,,,N",3.23
103,2020-03-01T00:00:00,PRCP,GHCND:US1CTFR0046,"1,,,N",4.24
104,2020-03-01T00:00:00,PRCP,GHCND:US1CTFR0050,",,,N",4.15
105,2020-03-01T00:00:00,PRCP,GHCND:US1CTFR0057,"1,,,N",2.63
106,2020-03-01T00:00:00,PRCP,GHCND:US1CTFR0058,",,,N",2.85
107,2020-03-01T00:00:00,PRCP,GHCND:US1CTFR0059,",,,N",3.28
108,2020-03-01T00:00:00,SNOW,GHCND:US1CTFR0059,"4,,,N",0.5
109,2020-03-01T00:00:00,PRCP,GHCND:US1CTFR0060,",,,N",3.9
110,2020-03-01T00:00:00,PRCP,GHCND:US1CTFR0063,"1,,,N",3.53
111,2020-03-01T00:00:00,PRCP,GHCND:US1CTFR0064,",,,N",3.1
112,2020-03-01T00:00:00,PRCP,GHCND:US1CTFR0065,",,,N",4.04
113,2020-03-01T00:00:00,PRCP,GHCND:US1CTFR0067,",,,N",4.42
114,2020-03-01T00:00:00,PRCP,GHCND:US1CTHR0005,",,,N",5.21
115,2020-03-01T00:00:00,PRCP,GHCND:US1CTHR0006,"2,,,N",3.75
116,2020-03-01T00:00:00,PRCP,GHCND:US1CTHR0007,",,,N",3.29
117,2020-03-01T00:00:00,PRCP,GHCND:US1CTHR0008,",,,N",4.22
118,2020-03-01T00:00:00,SNOW,GHCND:US1CTHR0008,",,,N",4.9
119,2020-03-01T00:00:00,PRCP,GHCND:US1CTHR0015,",,,N",4.55
120,2020-03-01T00:00:00,SNOW,GHCND:US1CTHR0015,",,,N",3.5
121,2020-03-01T00:00:00,PRCP,GHCND:US1CTHR0022,",,,N",3.5
122,2020-03-01T00:00:00,SNOW,GHCND:US1CTHR0022,",,,N",0.1
123,2020-03-01T00:00:00,PRCP,GHCND:US1CTHR0023,",,,N",4.19
124,2020-03-01T00:00:00,PRCP,GHCND:US1CTHR0028,",,,N",4.26
125,2020-03-01T00:00:00,PRCP,GHCND:US1CTHR0039,",a,,N",4.98
126,2020-03-01T00:00:00,PRCP,GHCND:US1CTHR0049,",,,N",3.68
127,2020-03-01T00:00:00,PRCP,GHCND:US1CTHR0055,"1,a,,N",4.79
128,2020-03-01T00:00:00,PRCP,GHCND:US1CTHR0057,",,,N",4.41
129,2020-03-01T00:00:00,SNOW,GHCND:US1CTHR0057,"1,,,N",3.5
130,2020-03-01T00:00:00,PRCP,GHCND:US1CTHR0065,",,,N",4.22
131,2020-03-01T00:00:00,SNOW,GHCND:US1CTHR0065,",,,N",2.0
132,2020-03-01T00:00:00,PRCP,GHCND:US1CTHR0068,",,,N",3.56
133,2020-03-01T00:00:00,PRCP,GHCND:US1CTHR0071,",,,N",4.32
134,2020-03-01T00:00:00,PRCP,GHCND:US1CTHR0080,"1,,,N",4.37
135,2020-03-01T00:00:00,PRCP,GHCND:US1CTHR0082,",,,N",4.33
136,2020-03-01T00:00:00,PRCP,GHCND:US1CTHR0083,",,,N",4.66
137,2020-03-01T00:00:00,PRCP,GHCND:US1CTHR0088,"2,,,N",3.5
138,2020-03-01T00:00:00,PRCP,GHCND:US1CTLT0007,"1,a,,N",3.39
139,2020-03-01T00:00:00,PRCP,GHCND:US1CTLT0015,",,,N",4.35
140,2020-03-01T00:00:00,SNOW,GHCND:US1CTLT0015,"1,,,N",1.6
141,2020-03-01T00:00:00,PRCP,GHCND:US1CTLT0018,",,,N",3.84
142,2020-03-01T00:00:00,PRCP,GHCND:US1CTLT0020,",,,N",2.95
143,2020-03-01T00:00:00,PRCP,GHCND:US1CTLT0028,",,,N",3.11
144,2020-03-01T00:00:00,PRCP,GHCND:US1CTLT0034,",,,N",3.53
145,2020-03-01T00:00:00,SNOW,GHCND:US1CTLT0034,",,,N",1.8
146,2020-03-01T00:00:00,PRCP,GHCND:US1CTMD0018,"1,,,N",4.65
147,2020-03-01T00:00:00,PRCP,GHCND:US1CTMD0019,"1,,,N",4.35
148,2020-03-01T00:00:00,PRCP,GHCND:US1CTMD0021,",,,N",4.46
149,2020-03-01T00:00:00,SNOW,GHCND:US1CTMD0021,",,,N",0.0
150,2020-03-01T00:00:00,PRCP,GHCND:US1CTMD0023,",,,N",4.52
151,2020-03-01T00:00:00,SNOW,GHCND:US1CTMD0023,",,,N",0.0
152,2020-03-01T00:00:00,PRCP,GHCND:US1CTMD0024,",,,N",3.81
153,2020-03-01T00:00:00,PRCP,GHCND:US1CTMD0025,",,,N",3.98
154,2020-03-01T00:00:00,SNOW,GHCND:US1CTMD0025,",,,N",0.9
155,2020-03-01T00:00:00,PRCP,GHCND:US1CTMD0026,",,,N",3.99
156,2020-03-01T00:00:00,PRCP,GHCND:US1CTMD0027,",,,N",5.02
157,2020-03-01T00:00:00,PRCP,GHCND:US1CTNH0022,",,,N",4.15
158,2020-03-01T00:00:00,PRCP,GHCND:US1CTNH0041,"3,,,N",4.0
159,2020-03-01T00:00:00,PRCP,GHCND:US1CTNH0042,",,,N",3.55
160,2020-03-01T00:00:00,PRCP,GHCND:US1CTNH0043,",,,N",4.45
161,2020-03-01T00:00:00,SNOW,GHCND:US1CTNH0043,",,,N",0.4
162,2020-03-01T00:00:00,PRCP,GHCND:US1CTNH0044,",,,N",4.29
163,2020-03-01T00:00:00,PRCP,GHCND:US1CTNH0045,",,,N",3.98
164,2020-03-01T00:00:00,SNOW,GHCND:US1CTNH0045,",T,,N",0.0
165,2020-03-01T00:00:00,PRCP,GHCND:US1CTNH0047,",,,N",4.39
166,2020-03-01T00:00:00,SNOW,GHCND:US1CTNH0047,",,,N",0.5
167,2020-03-01T00:00:00,PRCP,GHCND:US1CTNH0050,",a,,N",5.02
168,2020-03-01T00:00:00,PRCP,GHCND:US1CTNH0057,",,,N",4.58
169,2020-03-01T00:00:00,SNOW,GHCND:US1CTNH0057,",,,N",0.0
170,2020-03-01T00:00:00,PRCP,GHCND:US1CTNH0060,"2,,,N",3.85
171,2020-03-01T00:00:00,PRCP,GHCND:US1CTNL0005,",,,N",4.84
172,2020-03-01T00:00:00,PRCP,GHCND:US1CTNL0006,",,,N",4.82
173,2020-03-01T00:00:00,SNOW,GHCND:US1CTNL0006,",T,,N",0.0
174,2020-03-01T00:00:00,PRCP,GHCND:US1CTNL0010,",,,N",4.46
175,2020-03-01T00:00:00,SNOW,GHCND:US1CTNL0010,",,,N",1.1
176,2020-03-01T00:00:00,PRCP,GHCND:US1CTNL0018,",,,N",4.32
177,2020-03-01T00:00:00,SNOW,GHCND:US1CTNL0018,",,,N",0.0
178,2020-03-01T00:00:00,PRCP,GHCND:US1CTNL0019,",,,N",4.0
179,2020-03-01T00:00:00,SNOW,GHCND:US1CTNL0019,",,,N",0.0
180,2020-03-01T00:00:00,PRCP,GHCND:US1CTNL0021,",,,N",3.91
181,2020-03-01T00:00:00,SNOW,GHCND:US1CTNL0021,",T,,N",0.0
182,2020-03-01T00:00:00,PRCP,GHCND:US1CTNL0022,",,,N",4.52
183,2020-03-01T00:00:00,SNOW,GHCND:US1CTNL0022,",T,,N",0.0
184,2020-03-01T00:00:00,PRCP,GHCND:US1CTNL0024,",,,N",4.51
185,2020-03-01T00:00:00,SNOW,GHCND:US1CTNL0024,",,,N",0.0
186,2020-03-01T00:00:00,PRCP,GHCND:US1CTNL0029,",,,N",4.58
187,2020-03-01T00:00:00,SNOW,GHCND:US1CTNL0029,",,,N",0.0
188,2020-03-01T00:00:00,PRCP,GHCND:US1CTNL0032,",,,N",4.27
189,2020-03-01T00:00:00,SNOW,GHCND:US1CTNL0032,",,,N",0.0
190,2020-03-01T00:00:00,PRCP,GHCND:US1CTNL0038,",,,N",4.19
191,2020-03-01T00:00:00,PRCP,GHCND:US1CTNL0040,",,,N",4.79
192,2020-03-01T00:00:00,SNOW,GHCND:US1CTNL0040,",T,,N",0.0
193,2020-03-01T00:00:00,PRCP,GHCND:US1CTNL0044,"5,,,N",3.7
194,2020-03-01T00:00:00,PRCP,GHCND:US1CTNL0046,",,,N",4.88
195,2020-03-01T00:00:00,SNOW,GHCND:US1CTNL0046,",T,,N",0.0
196,2020-03-01T00:00:00,PRCP,GHCND:US1CTTL0015,",,,N",3.99
197,2020-03-01T00:00:00,PRCP,GHCND:US1CTTL0018,",,,N",3.63
198,2020-03-01T00:00:00,SNOW,GHCND:US1CTTL0018,",,,N",1.5
199,2020-03-01T00:00:00,PRCP,GHCND:US1CTTL0024,",,,N",3.29
200,2020-03-01T00:00:00,PRCP,GHCND:US1CTTL0026,",,,N",3.34
201,2020-03-01T00:00:00,PRCP,GHCND:US1CTTL0027,",,,N",4.53
202,2020-03-01T00:00:00,SNOW,GHCND:US1CTTL0027,",,,N",3.9
203,2020-03-01T00:00:00,PRCP,GHCND:US1CTTL0030,",,,N",4.78
204,2020-03-01T00:00:00,PRCP,GHCND:US1CTTL0032,",a,,N",4.25
205,2020-03-01T00:00:00,PRCP,GHCND:US1CTWN0004,",,,N",4.16
206,2020-03-01T00:00:00,SNOW,GHCND:US1CTWN0004,",,,N",1.5
207,2020-03-01T00:00:00,PRCP,GHCND:US1CTWN0008,",,,N",4.35
208,2020-03-01T00:00:00,SNOW,GHCND:US1CTWN0008,"1,,,N",2.6
209,2020-03-01T00:00:00,PRCP,GHCND:US1CTWN0010,",,,N",4.28
210,2020-03-01T00:00:00,SNOW,GHCND:US1CTWN0010,",,,N",0.6
211,2020-03-01T00:00:00,PRCP,GHCND:US1CTWN0012,",,,N",4.17
212,2020-03-01T00:00:00,EMNT,GHCND:USC00060128,"3,7,01,",16.0
213,2020-03-01T00:00:00,PRCP,GHCND:USC00060128,"4,,,7",4.22
214,2020-03-01T00:00:00,SNOW,GHCND:USC00060128,",,,7",0.0
215,2020-03-01T00:00:00,TMIN,GHCND:USC00060128,"3,,,7",30.5
216,2020-03-01T00:00:00,EMNT,GHCND:USC00060227,",7,01,",15.0
217,2020-03-01T00:00:00,EMXT,GHCND:USC00060227,",7,10,",70.0
218,2020-03-01T00:00:00,PRCP,GHCND:USC00060227,",,,7",4.08
219,2020-03-01T00:00:00,SNOW,GHCND:USC00060227,",,,7",7.3
220,2020-03-01T00:00:00,TAVG,GHCND:USC00060227,",7",38.9
221,2020-03-01T00:00:00,TMAX,GHCND:USC00060227,",,,7",49.8
222,2020-03-01T00:00:00,TMIN,GHCND:USC00060227,",,,7",28.0
223,2020-03-01T00:00:00,EMNT,GHCND:USC00060299,"2,7,01,",15.0
224,2020-03-01T00:00:00,EMXT,GHCND:USC00060299,"2,7,10,",72.0
225,2020-03-01T00:00:00,PRCP,GHCND:USC00060299,",a,,7",3.73
226,2020-03-01T00:00:00,SNOW,GHCND:USC00060299,"2,,,7",3.2
227,2020-03-01T00:00:00,TAVG,GHCND:USC00060299,"2,7",39.6
228,2020-03-01T00:00:00,TMAX,GHCND:USC00060299,"2,,,7",51.0
229,2020-03-01T00:00:00,TMIN,GHCND:USC00060299,"2,,,7",28.3
230,2020-03-01T00:00:00,EMNT,GHCND:USC00060973,"2,7,01,",12.0
231,2020-03-01T00:00:00,EMXT,GHCND:USC00060973,"2,7,10,",74.0
232,2020-03-01T00:00:00,PRCP,GHCND:USC00060973,",a,,7",4.11
233,2020-03-01T00:00:00,SNOW,GHCND:USC00060973,"2,,,7",3.0
234,2020-03-01T00:00:00,TAVG,GHCND:USC00060973,"2,7",39.8
235,2020-03-01T00:00:00,TMAX,GHCND:USC00060973,"2,,,7",52.3
236,2020-03-01T00:00:00,TMIN,GHCND:USC00060973,"2,,,7",27.4
237,2020-03-01T00:00:00,EMNT,GHCND:USC00061762,",7,01,",19.0
238,2020-03-01T00:00:00,EMXT,GHCND:USC00061762,",7,20,+",71.0
239,2020-03-01T00:00:00,PRCP,GHCND:USC00061762,",,,7",3.13
240,2020-03-01T00:00:00,SNOW,GHCND:USC00061762,",,,7",2.7
241,2020-03-01T00:00:00,TAVG,GHCND:USC00061762,",7",43.5
242,2020-03-01T00:00:00,TMAX,GHCND:USC00061762,",,,7",52.5
243,2020-03-01T00:00:00,TMIN,GHCND:USC00061762,",,,7",34.4
244,2020-03-01T00:00:00,EMNT,GHCND:USC00063207,",7,01,",21.0
245,2020-03-01T00:00:00,EMXT,GHCND:USC00063207,",7,21,+",66.0
246,2020-03-01T00:00:00,PRCP,GHCND:USC00063207,",,,7",4.78
247,2020-03-01T00:00:00,SNOW,GHCND:USC00063207,",,,7",0.0
248,2020-03-01T00:00:00,TAVG,GHCND:USC00063207,",7",44.4
249,2020-03-01T00:00:00,TMAX,GHCND:USC00063207,",,,7",51.6
250,2020-03-01T00:00:00,TMIN,GHCND:USC00063207,",,,7",37.1
251,2020-03-01T00:00:00,EMNT,GHCND:USC00063210,",7,02,+",19.0
252,2020-03-01T00:00:00,EMXT,GHCND:USC00063210,",7,10,",66.0
253,2020-03-01T00:00:00,PRCP,GHCND:USC00063210,",,,7",4.45
254,2020-03-01T00:00:00,SNOW,GHCND:USC00063210,",T,,7",0.0
255,2020-03-01T00:00:00,TAVG,GHCND:USC00063210,",7",41.2
256,2020-03-01T00:00:00,TMAX,GHCND:USC00063210,",,,7",51.2
257,2020-03-01T00:00:00,TMIN,GHCND:USC00063210,",,,7",31.3
258,2020-03-01T00:00:00,EMNT,GHCND:USC00063420,",7,01,",15.0
259,2020-03-01T00:00:00,EMXT,GHCND:USC00063420,",7,10,",71.0
260,2020-03-01T00:00:00,PRCP,GHCND:USC00063420,",a,,7",4.51
261,2020-03-01T00:00:00,SNOW,GHCND:USC00063420,"1,,,7",1.0
262,2020-03-01T00:00:00,TAVG,GHCND:USC00063420,",7",40.0
263,2020-03-01T00:00:00,TMAX,GHCND:USC00063420,",,,7",50.6
264,2020-03-01T00:00:00,TMIN,GHCND:USC00063420,",,,7",29.4
265,2020-03-01T00:00:00,EMNT,GHCND:USC00065077,",7,01,",18.0
266,2020-03-01T00:00:00,EMXT,GHCND:USC00065077,",7,10,",72.0
267,2020-03-01T00:00:00,PRCP,GHCND:USC00065077,",,,7",4.45
268,2020-03-01T00:00:00,SNOW,GHCND:USC00065077,",,,7",0.0
269,2020-03-01T00:00:00,TAVG,GHCND:USC00065077,",7",42.8
270,2020-03-01T00:00:00,TMAX,GHCND:USC00065077,",,,7",52.3
271,2020-03-01T00:00:00,TMIN,GHCND:USC00065077,",,,7",33.2
272,2020-03-01T00:00:00,EMNT,GHCND:USC00065445,",7,01,",12.0
273,2020-03-01T00:00:00,EMXT,GHCND:USC00065445,",7,10,",65.0
274,2020-03-01T00:00:00,PRCP,GHCND:USC00065445,",,,7",3.36
275,2020-03-01T00:00:00,SNOW,GHCND:USC00065445,",,,7",9.3
276,2020-03-01T00:00:00,TAVG,GHCND:USC00065445,",7",36.1
277,2020-03-01T00:00:00,TMAX,GHCND:USC00065445,",,,7",45.0
278,2020-03-01T00:00:00,TMIN,GHCND:USC00065445,",,,7",27.3
279,2020-03-01T00:00:00,EMNT,GHCND:USC00065910,",7,01,",21.0
280,2020-03-01T00:00:00,EMXT,GHCND:USC00065910,",7,10,",70.0
281,2020-03-01T00:00:00,PRCP,GHCND:USC00065910,",,,7",3.88
282,2020-03-01T00:00:00,SNOW,GHCND:USC00065910,",,,7",0.1
283,2020-03-01T00:00:00,TAVG,GHCND:USC00065910,",7",43.1
284,2020-03-01T00:00:00,TMAX,GHCND:USC00065910,",,,7",52.3
285,2020-03-01T00:00:00,TMIN,GHCND:USC00065910,",,,7",34.0
286,2020-03-01T00:00:00,PRCP,GHCND:USC00067432,",,,7",4.55
287,2020-03-01T00:00:00,SNOW,GHCND:USC00067432,",,,7",1.0
288,2020-03-01T00:00:00,EMNT,GHCND:USC00067958,",7,01,",12.0
289,2020-03-01T00:00:00,EMXT,GHCND:USC00067958,",7,10,",68.0
290,2020-03-01T00:00:00,PRCP,GHCND:USC00067958,"4,,,7",3.59
291,2020-03-01T00:00:00,SNOW,GHCND:USC00067958,",,,7",4.6
292,2020-03-01T00:00:00,TAVG,GHCND:USC00067958,",7",38.5
293,2020-03-01T00:00:00,TMAX,GHCND:USC00067958,",,,7",48.8
294,2020-03-01T00:00:00,TMIN,GHCND:USC00067958,",,,7",28.1
295,2020-03-01T00:00:00,EMNT,GHCND:USC00067970,"1,7,01,",21.0
296,2020-03-01T00:00:00,EMXT,GHCND:USC00067970,",7,21,",71.0
297,2020-03-01T00:00:00,PRCP,GHCND:USC00067970,",,,7",3.26
298,2020-03-01T00:00:00,SNOW,GHCND:USC00067970,",,,7",0.0
299,2020-03-01T00:00:00,TAVG,GHCND:USC00067970,"1,7",44.2
300,2020-03-01T00:00:00,TMAX,GHCND:USC00067970,",,,7",52.6
301,2020-03-01T00:00:00,TMIN,GHCND:USC00067970,"1,,,7",35.8
302,2020-03-01T00:00:00,EMNT,GHCND:USC00068138,",7,01,",18.0
303,2020-03-01T00:00:00,EMXT,GHCND:USC00068138,",7,10,",68.0
304,2020-03-01T00:00:00,PRCP,GHCND:USC00068138,",,,7",4.52
305,2020-03-01T00:00:00,SNOW,GHCND:USC00068138,",,,7",2.0
306,2020-03-01T00:00:00,TAVG,GHCND:USC00068138,",7",40.2
307,2020-03-01T00:00:00,TMAX,GHCND:USC00068138,",,,7",48.8
308,2020-03-01T00:00:00,TMIN,GHCND:USC00068138,",,,7",31.7
309,2020-03-01T00:00:00,PRCP,GHCND:USC00068330,",a,,7",3.79
310,2020-03-01T00:00:00,SNOW,GHCND:USC00068330,",,,7",2.0
311,2020-03-01T00:00:00,EMNT,GHCND:USC00069388,",7,02,",17.0
312,2020-03-01T00:00:00,EMXT,GHCND:USC00069388,",7,10,",71.0
313,2020-03-01T00:00:00,PRCP,GHCND:USC00069388,",,,7",3.78
314,2020-03-01T00:00:00,SNOW,GHCND:USC00069388,",,,7",0.2
315,2020-03-01T00:00:00,TAVG,GHCND:USC00069388,",7",39.6
316,2020-03-01T00:00:00,TMAX,GHCND:USC00069388,",,,7",50.1
317,2020-03-01T00:00:00,TMIN,GHCND:USC00069388,",,,7",29.1
318,2020-03-01T00:00:00,EMNT,GHCND:USW00014707,",W,01,",19.0
319,2020-03-01T00:00:00,EMXT,GHCND:USW00014707,",W,27,",65.0
320,2020-03-01T00:00:00,PRCP,GHCND:USW00014707,",,,W",4.1
321,2020-03-01T00:00:00,TAVG,GHCND:USW00014707,",W",42.1
322,2020-03-01T00:00:00,TMAX,GHCND:USW00014707,",,,W",50.2
323,2020-03-01T00:00:00,TMIN,GHCND:USW00014707,",,,W",34.1
324,2020-03-01T00:00:00,EMNT,GHCND:USW00014740,",W,01,",18.0
325,2020-03-01T00:00:00,EMXT,GHCND:USW00014740,",W,09,",74.0
326,2020-03-01T00:00:00,PRCP,GHCND:USW00014740,",,,W",4.38
327,2020-03-01T00:00:00,SNOW,GHCND:USW00014740,",,,W",4.4
328,2020-03-01T00:00:00,TAVG,GHCND:USW00014740,",W",42.9
329,2020-03-01T00:00:00,TMAX,GHCND:USW00014740,",,,W",53.0
330,2020-03-01T00:00:00,TMIN,GHCND:USW00014740,",,,W",32.7
331,2020-03-01T00:00:00,EMNT,GHCND:USW00014752,",W,01,",20.0
332,2020-03-01T00:00:00,EMXT,GHCND:USW00014752,",W,09,",73.0
333,2020-03-01T00:00:00,PRCP,GHCND:USW00014752,",,,W",3.85
334,2020-03-01T00:00:00,TAVG,GHCND:USW00014752,",W",44.1
335,2020-03-01T00:00:00,TMAX,GHCND:USW00014752,",,,W",53.3
336,2020-03-01T00:00:00,TMIN,GHCND:USW00014752,",,,W",34.9
337,2020-03-01T00:00:00,EMNT,GHCND:USW00014758,",W,01,",23.0
338,2020-03-01T00:00:00,EMXT,GHCND:USW00014758,",W,13,",68.0
339,2020-03-01T00:00:00,PRCP,GHCND:USW00014758,"1,,,W",3.96
340,2020-03-01T00:00:00,TAVG,GHCND:USW00014758,",W",44.3
341,2020-03-01T00:00:00,TMAX,GHCND:USW00014758,",,,W",52.7
342,2020-03-01T00:00:00,TMIN,GHCND:USW00014758,",,,W",35.8
343,2020-03-01T00:00:00,EMNT,GHCND:USW00054734,",W,01,",16.0
344,2020-03-01T00:00:00,EMXT,GHCND:USW00054734,",W,20,+",70.0
345,2020-03-01T00:00:00,PRCP,GHCND:USW00054734,",,,W",2.51
346,2020-03-01T00:00:00,TAVG,GHCND:USW00054734,",W",41.5
347,2020-03-01T00:00:00,TMAX,GHCND:USW00054734,",,,W",51.3
348,2020-03-01T00:00:00,TMIN,GHCND:USW00054734,",,,W",31.7
349,2020-03-01T00:00:00,EMNT,GHCND:USW00054767,",W,01,",17.0
350,2020-03-01T00:00:00,EMXT,GHCND:USW00054767,",W,09,",71.0
351,2020-03-01T00:00:00,PRCP,GHCND:USW00054767,",,,W",3.67
352,2020-03-01T00:00:00,TAVG,GHCND:USW00054767,",W",41.4
353,2020-03-01T00:00:00,TMAX,GHCND:USW00054767,",,,W",52.3
354,2020-03-01T00:00:00,TMIN,GHCND:USW00054767,",,,W",30.6
355,2020-03-01T00:00:00,EMNT,GHCND:USW00054788,",W,01,",17.0
356,2020-03-01T00:00:00,EMXT,GHCND:USW00054788,",W,09,",72.0
357,2020-03-01T00:00:00,PRCP,GHCND:USW00054788,",,,W",4.42
358,2020-03-01T00:00:00,TAVG,GHCND:USW00054788,",W",42.6
359,2020-03-01T00:00:00,TMAX,GHCND:USW00054788,",,,W",52.7
360,2020-03-01T00:00:00,TMIN,GHCND:USW00054788,",,,W",32.5
361,2020-03-01T00:00:00,EMNT,GHCND:USW00094702,",W,01,",22.0
362,2020-03-01T00:00:00,EMXT,GHCND:USW00094702,",W,13,",69.0
363,2020-03-01T00:00:00,PRCP,GHCND:USW00094702,",,,W",3.95
364,2020-03-01T00:00:00,SNOW,GHCND:USW00094702,",T,,W",0.0
365,2020-03-01T00:00:00,TAVG,GHCND:USW00094702,",W",44.8
366,2020-03-01T00:00:00,TMAX,GHCND:USW00094702,",,,W",52.4
367,2020-03-01T00:00:00,TMIN,GHCND:USW00094702,",,,W",37.2
